item,valid_from,valid_to
abomasite,Regulation M-A,
absolite,Regulation M-A,
absolite-z,Regulation M-C,
aerodactylite,Regulation M-A,
aggronite,Regulation M-A,
air-balloon,Regulation M-C,
alakazite,Regulation M-A,
altarianite,Regulation M-A,
ampharosite,Regulation M-A,
aspear-berry,Regulation M-A,
audinite,Regulation M-A,
babiri-berry,Regulation M-A,
banettite,Regulation M-A,
barbaracite,Regulation M-B,
baxcalibrite,Regulation M-C,
beedrillite,Regulation M-A,
big-root,Regulation M-B,
binding-band,Regulation M-C,
black-belt,Regulation M-A,
black-glasses,Regulation M-A,
blastoisinite,Regulation M-A,
blazikenite,Regulation M-B,
bright-powder,Regulation M-A,
cameruptite,Regulation M-A,
chandelurite,Regulation M-A,
charcoal,Regulation M-A,
charizardite-x,Regulation M-A,
charizardite-y,Regulation M-A,
charti-berry,Regulation M-A,
cheri-berry,Regulation M-A,
chesnaughtite,Regulation M-A,
chesto-berry,Regulation M-A,
chilan-berry,Regulation M-A,
chimechite,Regulation M-A,
choice-scarf,Regulation M-A,
chople-berry,Regulation M-A,
clefablite,Regulation M-A,
coba-berry,Regulation M-A,
colbur-berry,Regulation M-A,
crabominite,Regulation M-A,
damp-rock,Regulation M-B,
delphoxite,Regulation M-A,
dragalgite,Regulation M-B,
dragon-fang,Regulation M-A,
dragoninite,Regulation M-A,
drampanite,Regulation M-A,
eelektrossite,Regulation M-B,
eject-button,Regulation M-C,
electric-seed,Regulation M-C,
emboarite,Regulation M-A,
excadrite,Regulation M-A,
expert-belt,Regulation M-B,
fairy-feather,Regulation M-A,
falinksite,Regulation M-B,
feraligite,Regulation M-A,
floettite,Regulation M-A,
focus-band,Regulation M-A,
focus-sash,Regulation M-A,
froslassite,Regulation M-A,
galladite,Regulation M-A,
garchompite,Regulation M-A,
garchompite-z,Regulation M-C,
gardevoirite,Regulation M-A,
gengarite,Regulation M-A,
glalitite,Regulation M-A,
glimmoranite,Regulation M-A,
golisopite,Regulation M-C,
golurkite,Regulation M-A,
grassy-seed,Regulation M-C,
greninjite,Regulation M-A,
gyaradosite,Regulation M-A,
haban-berry,Regulation M-A,
hard-stone,Regulation M-A,
hawluchanite,Regulation M-A,
heat-rock,Regulation M-B,
heracronite,Regulation M-A,
houndoominite,Regulation M-A,
icy-rock,Regulation M-B,
iron-ball,Regulation M-B,
kangaskhanite,Regulation M-A,
kasib-berry,Regulation M-A,
kebia-berry,Regulation M-A,
kings-rock,Regulation M-A,
leek,Regulation M-C,
leftovers,Regulation M-A,
leppa-berry,Regulation M-A,
life-orb,Regulation M-B,
light-ball,Regulation M-A,
light-clay,Regulation M-B,
lopunnite,Regulation M-A,
lucarionite,Regulation M-A,
lucarionite-z,Regulation M-C,
lum-berry,Regulation M-A,
magnet,Regulation M-A,
malamarite,Regulation M-B,
manectite,Regulation M-A,
mawilite,Regulation M-B,
medichamite,Regulation M-A,
meganiumite,Regulation M-A,
mental-herb,Regulation M-A,
meowsticite,Regulation M-A,
metagrossite,Regulation M-B,
metal-coat,Regulation M-A,
metronome,Regulation M-B,
miracle-seed,Regulation M-A,
misty-seed,Regulation M-C,
muscle-band,Regulation M-B,
mystic-water,Regulation M-A,
never-melt-ice,Regulation M-A,
normal-gem,Regulation M-C,
occa-berry,Regulation M-A,
oran-berry,Regulation M-A,
passho-berry,Regulation M-A,
payapa-berry,Regulation M-A,
pecha-berry,Regulation M-A,
persim-berry,Regulation M-A,
pidgeotite,Regulation M-A,
pinsirite,Regulation M-A,
poison-barb,Regulation M-A,
psychic-seed,Regulation M-C,
pyroarite,Regulation M-B,
quick-claw,Regulation M-A,
raichunite-x,Regulation M-B,
raichunite-y,Regulation M-B,
rawst-berry,Regulation M-A,
red-card,Regulation M-C,
rindo-berry,Regulation M-A,
rocky-helmet,Regulation M-C,
roseli-berry,Regulation M-A,
sablenite,Regulation M-A,
salamencite,Regulation M-C,
sceptilite,Regulation M-B,
scizorite,Regulation M-A,
scolipite,Regulation M-B,
scope-lens,Regulation M-A,
scovillainite,Regulation M-A,
scraftinite,Regulation M-B,
sharp-beak,Regulation M-A,
sharpedonite,Regulation M-A,
shed-shell,Regulation M-B,
shell-bell,Regulation M-A,
shuca-berry,Regulation M-A,
silk-scarf,Regulation M-A,
silver-powder,Regulation M-A,
sitrus-berry,Regulation M-A,
skarmorite,Regulation M-A,
slowbronite,Regulation M-A,
smooth-rock,Regulation M-B,
soft-sand,Regulation M-A,
spell-tag,Regulation M-A,
staraptite,Regulation M-B,
starminite,Regulation M-A,
steelixite,Regulation M-A,
swampertite,Regulation M-B,
tanga-berry,Regulation M-A,
terrain-extender,Regulation M-C,
twisted-spoon,Regulation M-A,
tyranitarite,Regulation M-A,
venusaurite,Regulation M-A,
victreebelite,Regulation M-A,
wacan-berry,Regulation M-A,
white-herb,Regulation M-A,
wide-lens,Regulation M-B,
wise-glasses,Regulation M-B,
yache-berry,Regulation M-A,
zoom-lens,Regulation M-B,
