move,regulation,type,damage_class,power,accuracy,pp,priority,secondary_effect,effect_chance
accelerock,Regulation M-A,rock,physical,40,100,20,1,,
acid-armor,Regulation M-A,poison,status,,,20,0,,
acid-spray,Regulation M-A,poison,special,40,100,20,0,"[{""chance"":100,""boosts"":{""spd"":-2}}]",100
acrobatics,Regulation M-A,flying,physical,55,100,15,0,,
acupressure,Regulation M-A,normal,status,,,20,0,,
aerial-ace,Regulation M-A,flying,physical,60,,20,0,,
after-you,Regulation M-A,normal,status,,,15,0,,
agility,Regulation M-A,psychic,status,,,20,0,,
air-cutter,Regulation M-A,flying,special,60,95,20,0,,
air-slash,Regulation M-A,flying,special,75,95,15,0,"[{""chance"":30,""volatileStatus"":""flinch""}]",30
alluring-voice,Regulation M-A,fairy,special,80,100,10,0,"[{""chance"":100}]",100
ally-switch,Regulation M-A,psychic,status,,,15,2,,
amnesia,Regulation M-A,psychic,status,,,20,0,,
ancient-power,Regulation M-A,rock,special,60,100,5,0,"[{""chance"":10,""self"":{""boosts"":{""atk"":1,""def"":1,""spa"":1,""spd"":1,""spe"":1}}}]",10
apple-acid,Regulation M-A,grass,special,90,100,10,0,"[{""chance"":100,""boosts"":{""spd"":-1}}]",100
aqua-cutter,Regulation M-A,water,physical,70,100,20,0,,
aqua-jet,Regulation M-A,water,physical,40,100,20,1,,
aqua-ring,Regulation M-A,water,status,,,20,0,,
aqua-step,Regulation M-A,water,physical,80,100,10,0,"[{""chance"":100,""self"":{""boosts"":{""spe"":1}}}]",100
aqua-tail,Regulation M-A,water,physical,90,90,10,0,,
armor-cannon,Regulation M-A,fire,special,120,100,5,0,,
aromatic-mist,Regulation M-A,fairy,status,,,20,0,,
assurance,Regulation M-A,dark,physical,60,100,10,0,,
attract,Regulation M-A,normal,status,,100,15,0,,
aura-sphere,Regulation M-A,fighting,special,80,,20,0,,
aura-wheel,Regulation M-A,electric,physical,110,100,10,0,"[{""chance"":100,""self"":{""boosts"":{""spe"":1}}}]",100
aurora-veil,Regulation M-A,ice,status,,,20,0,,
avalanche,Regulation M-A,ice,physical,60,100,10,-4,,
axe-kick,Regulation M-A,fighting,physical,120,90,10,0,"[{""chance"":30,""volatileStatus"":""confusion""}]",30
baby-doll-eyes,Regulation M-A,fairy,status,,100,20,1,,
baneful-bunker,Regulation M-A,poison,status,,,5,4,,
barb-barrage,Regulation M-A,poison,physical,60,100,10,0,"[{""chance"":50,""status"":""psn""}]",50
baton-pass,Regulation M-A,normal,status,,,20,0,,
beak-blast,Regulation M-A,flying,physical,120,100,5,-3,,
beat-up,Regulation M-A,dark,physical,,100,10,0,,
belch,Regulation M-A,poison,special,120,90,10,0,,
belly-drum,Regulation M-A,normal,status,,,10,0,,
bind,Regulation M-A,normal,physical,15,85,20,0,,
bite,Regulation M-A,dark,physical,60,100,20,0,"[{""chance"":30,""volatileStatus"":""flinch""}]",30
bitter-blade,Regulation M-A,fire,physical,90,100,10,0,,
bitter-malice,Regulation M-A,ghost,special,75,100,10,0,"[{""chance"":100,""boosts"":{""atk"":-1}}]",100
blast-burn,Regulation M-A,fire,special,150,90,5,0,,
blaze-kick,Regulation M-A,fire,physical,85,90,10,0,"[{""chance"":10,""status"":""brn""}]",10
blizzard,Regulation M-A,ice,special,110,70,5,0,"[{""chance"":10,""status"":""frz""}]",10
block,Regulation M-A,normal,status,,,5,0,,
body-press,Regulation M-A,fighting,physical,80,100,10,0,,
body-slam,Regulation M-A,normal,physical,85,100,15,0,"[{""chance"":30,""status"":""par""}]",30
bone-rush,Regulation M-A,ground,physical,30,90,10,0,,
boomburst,Regulation M-A,normal,special,140,100,10,0,,
bounce,Regulation M-A,flying,physical,85,85,5,0,"[{""chance"":30,""status"":""par""}]",30
brave-bird,Regulation M-A,flying,physical,120,100,15,0,,
breaking-swipe,Regulation M-A,dragon,physical,60,100,15,0,"[{""chance"":100,""boosts"":{""atk"":-1}}]",100
brick-break,Regulation M-A,fighting,physical,75,100,15,0,,
brutal-swing,Regulation M-A,dark,physical,60,100,20,0,,
bug-bite,Regulation M-A,bug,physical,60,100,20,0,,
bug-buzz,Regulation M-A,bug,special,90,100,10,0,"[{""chance"":10,""boosts"":{""spd"":-1}}]",10
bulk-up,Regulation M-A,fighting,status,,,20,0,,
bulldoze,Regulation M-A,ground,physical,60,100,20,0,"[{""chance"":100,""boosts"":{""spe"":-1}}]",100
bullet-punch,Regulation M-A,steel,physical,40,100,20,1,,
bullet-seed,Regulation M-A,grass,physical,25,100,20,0,,
burn-up,Regulation M-A,fire,special,130,100,5,0,,
burning-jealousy,Regulation M-A,fire,special,70,100,5,0,"[{""chance"":100}]",100
calm-mind,Regulation M-A,psychic,status,,,20,0,,
ceaseless-edge,Regulation M-A,dark,physical,65,90,15,0,[{}],
charge,Regulation M-A,electric,status,,,20,0,,
charge-beam,Regulation M-A,electric,special,50,90,10,0,"[{""chance"":70,""self"":{""boosts"":{""spa"":1}}}]",70
charm,Regulation M-A,fairy,status,,100,20,0,,
chilling-water,Regulation M-A,water,special,50,100,20,0,"[{""chance"":100,""boosts"":{""atk"":-1}}]",100
chilly-reception,Regulation M-A,ice,status,,,10,0,,
circle-throw,Regulation M-A,fighting,physical,60,90,10,-6,,
clanging-scales,Regulation M-A,dragon,special,110,100,5,0,,
clangorous-soul,Regulation M-A,dragon,status,,,5,0,,
clear-smog,Regulation M-A,poison,special,50,,15,0,,
close-combat,Regulation M-A,fighting,physical,120,100,5,0,,
coaching,Regulation M-A,fighting,status,,,10,0,,
coil,Regulation M-A,poison,status,,,20,0,,
comeuppance,Regulation M-A,dark,physical,,100,10,0,,
confuse-ray,Regulation M-A,ghost,status,,100,10,0,,
copycat,Regulation M-A,normal,status,,,20,0,,
corrosive-gas,Regulation M-A,poison,status,,100,20,0,,
cosmic-power,Regulation M-A,psychic,status,,,20,0,,
cotton-guard,Regulation M-A,grass,status,,,10,0,,
cotton-spore,Regulation M-A,grass,status,,100,20,0,,
counter,Regulation M-A,fighting,physical,,100,20,-5,,
covet,Regulation M-A,normal,physical,60,100,20,0,,
crabhammer,Regulation M-A,water,physical,100,95,10,0,,
cross-chop,Regulation M-A,fighting,physical,100,80,5,0,,
cross-poison,Regulation M-A,poison,physical,70,100,20,0,"[{""chance"":10,""status"":""psn""}]",10
crunch,Regulation M-A,dark,physical,80,100,15,0,"[{""chance"":20,""boosts"":{""def"":-1}}]",20
crush-claw,Regulation M-A,normal,physical,75,95,10,0,"[{""chance"":50,""boosts"":{""def"":-1}}]",50
curse,Regulation M-A,ghost,status,,,10,0,,
dark-pulse,Regulation M-A,dark,special,80,100,15,0,"[{""chance"":20,""volatileStatus"":""flinch""}]",20
darkest-lariat,Regulation M-A,dark,physical,85,100,10,0,,
dazzling-gleam,Regulation M-A,fairy,special,80,100,10,0,,
decorate,Regulation M-A,fairy,status,,,15,0,,
defog,Regulation M-A,flying,status,,,15,0,,
destiny-bond,Regulation M-A,ghost,status,,,5,0,,
detect,Regulation M-A,fighting,status,,,5,4,,
dig,Regulation M-A,ground,physical,80,100,10,0,,
dire-claw,Regulation M-A,poison,physical,80,100,15,0,"[{""chance"":30}]",30
disable,Regulation M-A,normal,status,,100,20,0,,
discharge,Regulation M-A,electric,special,80,100,15,0,"[{""chance"":30,""status"":""par""}]",30
dive,Regulation M-A,water,physical,80,100,10,0,,
double-edge,Regulation M-A,normal,physical,120,100,15,0,,
double-hit,Regulation M-A,normal,physical,35,90,10,0,,
double-team,Regulation M-A,normal,status,,,15,0,,
draco-meteor,Regulation M-A,dragon,special,130,90,5,0,,
dragon-cheer,Regulation M-A,dragon,status,,,15,0,,
dragon-claw,Regulation M-A,dragon,physical,80,100,15,0,,
dragon-dance,Regulation M-A,dragon,status,,,20,0,,
dragon-darts,Regulation M-A,dragon,physical,50,100,10,0,,
dragon-pulse,Regulation M-A,dragon,special,85,100,10,0,,
dragon-rush,Regulation M-A,dragon,physical,100,75,10,0,"[{""chance"":20,""volatileStatus"":""flinch""}]",20
dragon-tail,Regulation M-A,dragon,physical,60,90,10,-6,,
drain-punch,Regulation M-A,fighting,physical,75,100,10,0,,
draining-kiss,Regulation M-A,fairy,special,50,100,10,0,,
drill-peck,Regulation M-A,flying,physical,80,100,20,0,,
drill-run,Regulation M-A,ground,physical,80,95,10,0,,
dual-wingbeat,Regulation M-A,flying,physical,40,90,10,0,,
dynamic-punch,Regulation M-A,fighting,physical,100,50,5,0,"[{""chance"":100,""volatileStatus"":""confusion""}]",100
earth-power,Regulation M-A,ground,special,90,100,10,0,"[{""chance"":10,""boosts"":{""spd"":-1}}]",10
earthquake,Regulation M-A,ground,physical,100,100,10,0,,
eerie-impulse,Regulation M-A,electric,status,,100,15,0,,
eerie-spell,Regulation M-A,psychic,special,80,100,5,0,"[{""chance"":100}]",100
electric-terrain,Regulation M-A,electric,status,,,10,0,,
electrify,Regulation M-A,electric,status,,,20,0,,
electro-ball,Regulation M-A,electric,special,,100,10,0,,
electro-shot,Regulation M-A,electric,special,130,100,10,0,,
electroweb,Regulation M-A,electric,special,55,95,15,0,"[{""chance"":100,""boosts"":{""spe"":-1}}]",100
encore,Regulation M-A,normal,status,,100,5,0,,
endeavor,Regulation M-A,normal,physical,,100,5,0,,
endure,Regulation M-A,normal,status,,,10,4,,
energy-ball,Regulation M-A,grass,special,90,100,10,0,"[{""chance"":10,""boosts"":{""spd"":-1}}]",10
entrainment,Regulation M-A,normal,status,,100,15,0,,
eruption,Regulation M-A,fire,special,150,100,5,0,,
expanding-force,Regulation M-A,psychic,special,80,100,10,0,,
explosion,Regulation M-A,normal,physical,250,100,5,0,,
extrasensory,Regulation M-A,psychic,special,80,100,20,0,"[{""chance"":10,""volatileStatus"":""flinch""}]",10
extreme-speed,Regulation M-A,normal,physical,80,100,5,2,,
facade,Regulation M-A,normal,physical,70,100,20,0,,
fairy-lock,Regulation M-A,fairy,status,,,10,0,,
fake-out,Regulation M-A,normal,physical,40,100,10,3,"[{""chance"":100,""volatileStatus"":""flinch""}]",100
fake-tears,Regulation M-A,dark,status,,100,20,0,,
feather-dance,Regulation M-A,flying,status,,100,15,0,,
feint,Regulation M-A,normal,physical,30,100,10,2,,
fell-stinger,Regulation M-A,bug,physical,50,100,20,0,,
fickle-beam,Regulation M-A,dragon,special,80,100,5,0,,
fiery-dance,Regulation M-A,fire,special,80,100,10,0,"[{""chance"":50,""self"":{""boosts"":{""spa"":1}}}]",50
final-gambit,Regulation M-A,fighting,special,,100,5,0,,
fire-blast,Regulation M-A,fire,special,110,85,5,0,"[{""chance"":10,""status"":""brn""}]",10
fire-fang,Regulation M-A,fire,physical,65,95,15,0,"[{""chance"":10,""status"":""brn""},{""chance"":10,""volatileStatus"":""flinch""}]",10
fire-lash,Regulation M-A,fire,physical,90,100,15,0,"[{""chance"":100,""boosts"":{""def"":-1}}]",100
fire-punch,Regulation M-A,fire,physical,75,100,15,0,"[{""chance"":10,""status"":""brn""}]",10
fire-spin,Regulation M-A,fire,special,35,85,15,0,,
first-impression,Regulation M-A,bug,physical,100,100,10,2,,
fissure,Regulation M-A,ground,physical,,30,5,0,,
flail,Regulation M-A,normal,physical,,100,15,0,,
flame-charge,Regulation M-A,fire,physical,50,100,20,0,"[{""chance"":100,""self"":{""boosts"":{""spe"":1}}}]",100
flamethrower,Regulation M-A,fire,special,90,100,15,0,"[{""chance"":10,""status"":""brn""}]",10
flare-blitz,Regulation M-A,fire,physical,120,100,15,0,"[{""chance"":10,""status"":""brn""}]",10
flash-cannon,Regulation M-A,steel,special,80,100,10,0,"[{""chance"":10,""boosts"":{""spd"":-1}}]",10
flatter,Regulation M-A,dark,status,,100,15,0,,
fling,Regulation M-A,dark,physical,,100,10,0,,
flip-turn,Regulation M-A,water,physical,60,100,20,0,,
flower-trick,Regulation M-A,grass,physical,70,,10,0,,
fly,Regulation M-A,flying,physical,90,95,15,0,,
flying-press,Regulation M-A,fighting,physical,100,95,10,0,,
focus-blast,Regulation M-A,fighting,special,120,70,5,0,"[{""chance"":10,""boosts"":{""spd"":-1}}]",10
focus-energy,Regulation M-A,normal,status,,,20,0,,
focus-punch,Regulation M-A,fighting,physical,150,100,20,-3,,
follow-me,Regulation M-A,normal,status,,,20,2,,
forests-curse,Regulation M-A,grass,status,,100,20,0,,
foul-play,Regulation M-A,dark,physical,95,100,15,0,,
freeze-dry,Regulation M-A,ice,special,70,100,20,0,,
frenzy-plant,Regulation M-A,grass,special,150,90,5,0,,
frost-breath,Regulation M-A,ice,special,60,90,10,0,,
future-sight,Regulation M-A,psychic,special,120,100,10,0,,
gastro-acid,Regulation M-A,poison,status,,100,10,0,,
giga-drain,Regulation M-A,grass,special,75,100,10,0,,
giga-impact,Regulation M-A,normal,physical,150,90,5,0,,
gigaton-hammer,Regulation M-A,steel,physical,160,100,5,0,,
glare,Regulation M-A,normal,status,,100,20,0,,
grass-knot,Regulation M-A,grass,special,,100,20,0,,
grassy-glide,Regulation M-A,grass,physical,55,100,20,0,,
grassy-terrain,Regulation M-A,grass,status,,,10,0,,
grav-apple,Regulation M-A,grass,physical,90,100,10,0,"[{""chance"":100,""boosts"":{""def"":-1}}]",100
gravity,Regulation M-A,psychic,status,,,5,0,,
growth,Regulation M-A,grass,status,,,20,0,,
guard-split,Regulation M-A,psychic,status,,,10,0,,
guard-swap,Regulation M-A,psychic,status,,,10,0,,
guillotine,Regulation M-A,normal,physical,,30,5,0,,
gunk-shot,Regulation M-A,poison,physical,120,80,5,0,"[{""chance"":30,""status"":""psn""}]",30
gyro-ball,Regulation M-A,steel,physical,,100,5,0,,
hammer-arm,Regulation M-A,fighting,physical,100,90,10,0,,
hard-press,Regulation M-A,steel,physical,,100,10,0,,
haze,Regulation M-A,ice,status,,,20,0,,
head-smash,Regulation M-A,rock,physical,150,80,5,0,,
headlong-rush,Regulation M-A,ground,physical,120,100,5,0,,
heal-bell,Regulation M-A,normal,status,,,5,0,,
heal-pulse,Regulation M-A,psychic,status,,,10,0,,
healing-wish,Regulation M-A,psychic,status,,,10,0,,
heat-crash,Regulation M-A,fire,physical,,100,10,0,,
heat-wave,Regulation M-A,fire,special,95,90,10,0,"[{""chance"":10,""status"":""brn""}]",10
heavy-slam,Regulation M-A,steel,physical,,100,10,0,,
helping-hand,Regulation M-A,normal,status,,,20,5,,
hex,Regulation M-A,ghost,special,65,100,10,0,,
high-horsepower,Regulation M-A,ground,physical,95,95,10,0,,
high-jump-kick,Regulation M-A,fighting,physical,130,90,10,0,,
horn-drill,Regulation M-A,normal,physical,,30,5,0,,
horn-leech,Regulation M-A,grass,physical,75,100,10,0,,
howl,Regulation M-A,normal,status,,,20,0,,
hurricane,Regulation M-A,flying,special,110,70,10,0,"[{""chance"":30,""volatileStatus"":""confusion""}]",30
hydro-cannon,Regulation M-A,water,special,150,90,5,0,,
hydro-pump,Regulation M-A,water,special,110,80,5,0,,
hyper-beam,Regulation M-A,normal,special,150,90,5,0,,
hyper-voice,Regulation M-A,normal,special,90,100,10,0,,
hypnosis,Regulation M-A,psychic,status,,60,20,0,,
ice-beam,Regulation M-A,ice,special,90,100,10,0,"[{""chance"":10,""status"":""frz""}]",10
ice-fang,Regulation M-A,ice,physical,65,95,15,0,"[{""chance"":10,""status"":""frz""},{""chance"":10,""volatileStatus"":""flinch""}]",10
ice-hammer,Regulation M-A,ice,physical,100,90,10,0,,
ice-punch,Regulation M-A,ice,physical,75,100,15,0,"[{""chance"":10,""status"":""frz""}]",10
ice-shard,Regulation M-A,ice,physical,40,100,20,1,,
ice-spinner,Regulation M-A,ice,physical,80,100,15,0,,
icicle-crash,Regulation M-A,ice,physical,85,90,10,0,"[{""chance"":30,""volatileStatus"":""flinch""}]",30
icicle-spear,Regulation M-A,ice,physical,25,100,20,0,,
icy-wind,Regulation M-A,ice,special,55,95,15,0,"[{""chance"":100,""boosts"":{""spe"":-1}}]",100
imprison,Regulation M-A,psychic,status,,,10,0,,
infernal-parade,Regulation M-A,ghost,special,65,100,15,0,"[{""chance"":30,""status"":""brn""}]",30
inferno,Regulation M-A,fire,special,100,50,5,0,"[{""chance"":100,""status"":""brn""}]",100
infestation,Regulation M-A,bug,special,20,100,20,0,,
ingrain,Regulation M-A,grass,status,,,20,0,,
instruct,Regulation M-A,psychic,status,,,15,0,,
iron-defense,Regulation M-A,steel,status,,,15,0,,
iron-head,Regulation M-A,steel,physical,80,100,15,0,"[{""chance"":20,""volatileStatus"":""flinch""}]",20
iron-tail,Regulation M-A,steel,physical,100,75,15,0,"[{""chance"":30,""boosts"":{""def"":-1}}]",30
jet-punch,Regulation M-A,water,physical,60,100,15,1,,
kings-shield,Regulation M-A,steel,status,,,5,4,,
knock-off,Regulation M-A,dark,physical,65,100,20,0,,
kowtow-cleave,Regulation M-A,dark,physical,85,,10,0,,
lash-out,Regulation M-A,dark,physical,75,100,5,0,,
last-resort,Regulation M-A,normal,physical,140,100,5,0,,
last-respects,Regulation M-A,ghost,physical,50,100,10,0,,
lava-plume,Regulation M-A,fire,special,80,100,15,0,"[{""chance"":30,""status"":""brn""}]",30
leaf-blade,Regulation M-A,grass,physical,90,100,15,0,,
leaf-storm,Regulation M-A,grass,special,130,90,5,0,,
leech-life,Regulation M-A,bug,physical,80,100,10,0,,
leech-seed,Regulation M-A,grass,status,,90,10,0,,
life-dew,Regulation M-A,water,status,,,10,0,,
light-of-ruin,Regulation M-A,fairy,special,140,90,5,0,,
light-screen,Regulation M-A,psychic,status,,,20,0,,
liquidation,Regulation M-A,water,physical,85,100,10,0,"[{""chance"":20,""boosts"":{""def"":-1}}]",20
lock-on,Regulation M-A,normal,status,,,5,0,,
low-kick,Regulation M-A,fighting,physical,,100,20,0,,
low-sweep,Regulation M-A,fighting,physical,65,100,20,0,"[{""chance"":100,""boosts"":{""spe"":-1}}]",100
lumina-crash,Regulation M-A,psychic,special,80,100,10,0,"[{""chance"":100,""boosts"":{""spd"":-2}}]",100
lunge,Regulation M-A,bug,physical,80,100,15,0,"[{""chance"":100,""boosts"":{""atk"":-1}}]",100
mach-punch,Regulation M-A,fighting,physical,40,100,20,1,,
magic-powder,Regulation M-A,psychic,status,,100,20,0,,
magic-room,Regulation M-A,psychic,status,,,10,0,,
magnet-rise,Regulation M-A,electric,status,,,10,0,,
magnetic-flux,Regulation M-A,electric,status,,,20,0,,
make-it-rain,Regulation M-A,steel,special,120,95,5,0,,
matcha-gotcha,Regulation M-A,grass,special,80,90,15,0,"[{""chance"":20,""status"":""brn""}]",20
mean-look,Regulation M-A,normal,status,,,5,0,,
mega-kick,Regulation M-A,normal,physical,120,75,5,0,,
megahorn,Regulation M-A,bug,physical,120,85,10,0,,
memento,Regulation M-A,dark,status,,100,10,0,,
metal-burst,Regulation M-A,steel,physical,,100,10,0,,
metal-sound,Regulation M-A,steel,status,,85,20,0,,
meteor-beam,Regulation M-A,rock,special,120,90,10,0,,
meteor-mash,Regulation M-A,steel,physical,90,90,10,0,"[{""chance"":20,""self"":{""boosts"":{""atk"":1}}}]",20
minimize,Regulation M-A,normal,status,,,10,0,,
mirror-coat,Regulation M-A,psychic,special,,100,20,-5,,
misty-explosion,Regulation M-A,fairy,special,100,100,5,0,,
misty-terrain,Regulation M-A,fairy,status,,,10,0,,
moonblast,Regulation M-A,fairy,special,95,100,15,0,"[{""chance"":10,""boosts"":{""spa"":-1}}]",10
moonlight,Regulation M-A,fairy,status,,,5,0,,
morning-sun,Regulation M-A,normal,status,,,5,0,,
mortal-spin,Regulation M-A,poison,physical,30,100,15,0,"[{""chance"":100,""status"":""psn""}]",100
mountain-gale,Regulation M-A,ice,physical,120,85,10,0,"[{""chance"":30,""volatileStatus"":""flinch""}]",30
mud-shot,Regulation M-A,ground,special,55,95,15,0,"[{""chance"":100,""boosts"":{""spe"":-1}}]",100
mud-slap,Regulation M-A,ground,special,20,100,10,0,"[{""chance"":100,""boosts"":{""accuracy"":-1}}]",100
muddy-water,Regulation M-A,water,special,90,85,10,0,"[{""chance"":30,""boosts"":{""accuracy"":-1}}]",30
mystical-fire,Regulation M-A,fire,special,75,100,10,0,"[{""chance"":100,""boosts"":{""spa"":-1}}]",100
nasty-plot,Regulation M-A,dark,status,,,20,0,,
night-daze,Regulation M-A,dark,special,90,95,10,0,"[{""chance"":40,""boosts"":{""accuracy"":-1}}]",40
night-shade,Regulation M-A,ghost,special,,100,15,0,,
night-slash,Regulation M-A,dark,physical,70,100,20,0,,
no-retreat,Regulation M-A,fighting,status,,,5,0,,
noble-roar,Regulation M-A,normal,status,,100,20,0,,
nuzzle,Regulation M-A,electric,physical,20,100,20,0,"[{""chance"":100,""status"":""par""}]",100
outrage,Regulation M-A,dragon,physical,120,100,10,0,,
overheat,Regulation M-A,fire,special,130,90,5,0,,
pain-split,Regulation M-A,normal,status,,,20,0,,
parabolic-charge,Regulation M-A,electric,special,65,100,20,0,,
parting-shot,Regulation M-A,dark,status,,100,20,0,,
payback,Regulation M-A,dark,physical,50,100,10,0,,
perish-song,Regulation M-A,normal,status,,,5,0,,
petal-blizzard,Regulation M-A,grass,physical,90,100,15,0,,
petal-dance,Regulation M-A,grass,special,120,100,10,0,,
phantom-force,Regulation M-A,ghost,physical,90,100,10,0,,
pin-missile,Regulation M-A,bug,physical,25,95,20,0,,
play-rough,Regulation M-A,fairy,physical,90,90,10,0,"[{""chance"":10,""boosts"":{""atk"":-1}}]",10
pluck,Regulation M-A,flying,physical,60,100,20,0,,
poison-fang,Regulation M-A,poison,physical,50,100,15,0,"[{""chance"":50,""status"":""tox""}]",50
poison-jab,Regulation M-A,poison,physical,80,100,20,0,"[{""chance"":30,""status"":""psn""}]",30
poison-powder,Regulation M-A,poison,status,,75,20,0,,
pollen-puff,Regulation M-A,bug,special,90,100,15,0,,
poltergeist,Regulation M-A,ghost,physical,110,90,5,0,,
population-bomb,Regulation M-A,normal,physical,20,90,10,0,,
pounce,Regulation M-A,bug,physical,50,100,20,0,"[{""chance"":100,""boosts"":{""spe"":-1}}]",100
pound,Regulation M-A,normal,physical,40,100,20,0,,
power-gem,Regulation M-A,rock,special,80,100,20,0,,
power-shift,Regulation M-A,normal,status,,,10,0,,
power-split,Regulation M-A,psychic,status,,,10,0,,
power-swap,Regulation M-A,psychic,status,,,10,0,,
power-trick,Regulation M-A,psychic,status,,,10,0,,
power-trip,Regulation M-A,dark,physical,20,100,10,0,,
power-whip,Regulation M-A,grass,physical,120,85,10,0,,
protect,Regulation M-A,normal,status,,,5,4,,
psych-up,Regulation M-A,normal,status,,,10,0,,
psychic,Regulation M-A,psychic,special,90,100,10,0,"[{""chance"":10,""boosts"":{""spd"":-1}}]",10
psychic-fangs,Regulation M-A,psychic,physical,85,100,10,0,,
psychic-noise,Regulation M-A,psychic,special,75,100,10,0,"[{""chance"":100,""volatileStatus"":""healblock""}]",100
psychic-terrain,Regulation M-A,psychic,status,,,10,0,,
psycho-cut,Regulation M-A,psychic,physical,70,100,20,0,,
psyshield-bash,Regulation M-A,psychic,physical,90,90,10,0,"[{""chance"":100,""self"":{""boosts"":{""def"":1}}}]",100
psyshock,Regulation M-A,psychic,special,80,100,10,0,,
quash,Regulation M-A,dark,status,,100,15,0,,
quick-attack,Regulation M-A,normal,physical,40,100,20,1,,
quick-guard,Regulation M-A,fighting,status,,,15,3,,
quiver-dance,Regulation M-A,bug,status,,,20,0,,
rage-fist,Regulation M-A,ghost,physical,50,100,10,0,,
rage-powder,Regulation M-A,bug,status,,,20,2,,
raging-bull,Regulation M-A,normal,physical,90,100,10,0,,
raging-fury,Regulation M-A,fire,physical,120,100,10,0,,
rain-dance,Regulation M-A,water,status,,,5,0,,
rapid-spin,Regulation M-A,normal,physical,50,100,20,0,"[{""chance"":100,""self"":{""boosts"":{""spe"":1}}}]",100
razor-shell,Regulation M-A,water,physical,75,95,10,0,"[{""chance"":50,""boosts"":{""def"":-1}}]",50
recover,Regulation M-A,normal,status,,,5,0,,
recycle,Regulation M-A,normal,status,,,10,0,,
reflect,Regulation M-A,psychic,status,,,20,0,,
reflect-type,Regulation M-A,normal,status,,,15,0,,
rest,Regulation M-A,psychic,status,,,5,0,,
reversal,Regulation M-A,fighting,physical,,100,15,0,,
rising-voltage,Regulation M-A,electric,special,70,100,20,0,,
roar,Regulation M-A,normal,status,,,20,-6,,
rock-blast,Regulation M-A,rock,physical,25,90,10,0,,
rock-polish,Regulation M-A,rock,status,,,20,0,,
rock-slide,Regulation M-A,rock,physical,75,90,10,0,"[{""chance"":30,""volatileStatus"":""flinch""}]",30
rock-tomb,Regulation M-A,rock,physical,60,95,15,0,"[{""chance"":100,""boosts"":{""spe"":-1}}]",100
rock-wrecker,Regulation M-A,rock,physical,150,90,5,0,,
role-play,Regulation M-A,psychic,status,,,10,0,,
roost,Regulation M-A,flying,status,,,5,0,,
round,Regulation M-A,normal,special,60,100,15,0,,
sacred-sword,Regulation M-A,fighting,physical,90,100,15,0,,
safeguard,Regulation M-A,normal,status,,,20,0,,
salt-cure,Regulation M-A,rock,physical,40,100,15,0,"[{""chance"":100,""volatileStatus"":""saltcure""}]",100
sand-tomb,Regulation M-A,ground,physical,35,85,15,0,,
sandstorm,Regulation M-A,rock,status,,,5,0,,
scald,Regulation M-A,water,special,80,100,15,0,"[{""chance"":30,""status"":""brn""}]",30
scale-shot,Regulation M-A,dragon,physical,25,90,20,0,,
scary-face,Regulation M-A,normal,status,,100,10,0,,
scorching-sands,Regulation M-A,ground,special,70,100,10,0,"[{""chance"":30,""status"":""brn""}]",30
screech,Regulation M-A,normal,status,,85,20,0,,
seed-bomb,Regulation M-A,grass,physical,80,100,15,0,,
seismic-toss,Regulation M-A,fighting,physical,,100,20,0,,
self-destruct,Regulation M-A,normal,physical,200,100,5,0,,
shadow-ball,Regulation M-A,ghost,special,80,100,15,0,"[{""chance"":20,""boosts"":{""spd"":-1}}]",20
shadow-claw,Regulation M-A,ghost,physical,70,100,15,0,,
shadow-punch,Regulation M-A,ghost,physical,60,,20,0,,
shadow-sneak,Regulation M-A,ghost,physical,40,100,20,1,,
shed-tail,Regulation M-A,normal,status,,,10,0,,
sheer-cold,Regulation M-A,ice,special,,30,5,0,,
shell-side-arm,Regulation M-A,poison,special,90,100,10,0,"[{""chance"":20,""status"":""psn""}]",20
shell-smash,Regulation M-A,normal,status,,,15,0,,
shelter,Regulation M-A,steel,status,,,10,0,,
simple-beam,Regulation M-A,normal,status,,100,15,0,,
sing,Regulation M-A,normal,status,,55,15,0,,
skill-swap,Regulation M-A,psychic,status,,,10,0,,
skitter-smack,Regulation M-A,bug,physical,70,90,10,0,"[{""chance"":100,""boosts"":{""spa"":-1}}]",100
sky-attack,Regulation M-A,flying,physical,140,90,5,0,"[{""chance"":30,""volatileStatus"":""flinch""}]",30
slack-off,Regulation M-A,normal,status,,,5,0,,
sleep-powder,Regulation M-A,grass,status,,75,15,0,,
sleep-talk,Regulation M-A,normal,status,,,10,0,,
sludge-bomb,Regulation M-A,poison,special,90,100,10,0,"[{""chance"":30,""status"":""psn""}]",30
sludge-wave,Regulation M-A,poison,special,95,100,10,0,"[{""chance"":10,""status"":""psn""}]",10
smack-down,Regulation M-A,rock,physical,50,100,15,0,,
smart-strike,Regulation M-A,steel,physical,70,,10,0,,
snap-trap,Regulation M-A,steel,physical,35,100,15,0,,
snarl,Regulation M-A,dark,special,55,95,15,0,"[{""chance"":100,""boosts"":{""spa"":-1}}]",100
snore,Regulation M-A,normal,special,50,100,15,0,"[{""chance"":30,""volatileStatus"":""flinch""}]",30
snowscape,Regulation M-A,ice,status,,,5,0,,
soak,Regulation M-A,water,status,,100,20,0,,
soft-boiled,Regulation M-A,normal,status,,,5,0,,
solar-beam,Regulation M-A,grass,special,120,100,10,0,,
solar-blade,Regulation M-A,grass,physical,125,100,10,0,,
sparkling-aria,Regulation M-A,water,special,90,100,10,0,"[{""chance"":100,""volatileStatus"":""sparklingaria""}]",100
speed-swap,Regulation M-A,psychic,status,,,10,0,,
spicy-extract,Regulation M-A,grass,status,,,15,0,,
spikes,Regulation M-A,ground,status,,,20,0,,
spiky-shield,Regulation M-A,grass,status,,,5,4,,
spirit-break,Regulation M-A,fairy,physical,75,100,15,0,"[{""chance"":100,""boosts"":{""spa"":-1}}]",100
spirit-shackle,Regulation M-A,ghost,physical,90,100,10,0,"[{""chance"":100}]",100
spit-up,Regulation M-A,normal,special,,100,10,0,,
spite,Regulation M-A,ghost,status,,100,10,0,,
spore,Regulation M-A,grass,status,,100,15,0,,
stealth-rock,Regulation M-A,rock,status,,,20,0,,
steel-beam,Regulation M-A,steel,special,140,95,5,0,,
steel-roller,Regulation M-A,steel,physical,130,100,5,0,,
steel-wing,Regulation M-A,steel,physical,70,90,20,0,"[{""chance"":10,""self"":{""boosts"":{""def"":1}}}]",10
sticky-web,Regulation M-A,bug,status,,,20,0,,
stockpile,Regulation M-A,normal,status,,,20,0,,
stomping-tantrum,Regulation M-A,ground,physical,75,100,10,0,,
stone-axe,Regulation M-A,rock,physical,65,90,15,0,[{}],
stone-edge,Regulation M-A,rock,physical,100,80,5,0,,
stored-power,Regulation M-A,psychic,special,20,100,10,0,,
storm-throw,Regulation M-A,fighting,physical,60,100,10,0,,
strength-sap,Regulation M-A,grass,status,,100,10,0,,
string-shot,Regulation M-A,bug,status,,95,20,0,,
struggle,Regulation M-A,normal,physical,50,,1,0,,
struggle-bug,Regulation M-A,bug,special,50,100,20,0,"[{""chance"":100,""boosts"":{""spa"":-1}}]",100
stuff-cheeks,Regulation M-A,normal,status,,,10,0,,
stun-spore,Regulation M-A,grass,status,,75,20,0,,
substitute,Regulation M-A,normal,status,,,10,0,,
sucker-punch,Regulation M-A,dark,physical,70,100,5,1,,
sunny-day,Regulation M-A,fire,status,,,5,0,,
super-fang,Regulation M-A,normal,physical,,90,10,0,,
supercell-slam,Regulation M-A,electric,physical,100,95,15,0,,
superpower,Regulation M-A,fighting,physical,120,100,5,0,,
surf,Regulation M-A,water,special,90,100,15,0,,
swagger,Regulation M-A,normal,status,,85,15,0,,
swallow,Regulation M-A,normal,status,,,10,0,,
sweet-kiss,Regulation M-A,fairy,status,,75,10,0,,
sweet-scent,Regulation M-A,normal,status,,100,20,0,,
switcheroo,Regulation M-A,dark,status,,100,10,0,,
swords-dance,Regulation M-A,normal,status,,,20,0,,
synthesis,Regulation M-A,grass,status,,,5,0,,
syrup-bomb,Regulation M-A,grass,special,60,90,10,0,"[{""chance"":100,""volatileStatus"":""syrupbomb""}]",100
tail-slap,Regulation M-A,normal,physical,25,85,10,0,,
tailwind,Regulation M-A,flying,status,,,15,0,,
taunt,Regulation M-A,dark,status,,100,20,0,,
tearful-look,Regulation M-A,normal,status,,,20,0,,
teatime,Regulation M-A,normal,status,,,10,0,,
teeter-dance,Regulation M-A,normal,status,,100,20,0,,
temper-flare,Regulation M-A,fire,physical,75,100,10,0,,
terrain-pulse,Regulation M-A,normal,special,50,100,10,0,,
thief,Regulation M-A,dark,physical,60,100,20,0,,
thrash,Regulation M-A,normal,physical,120,100,10,0,,
throat-chop,Regulation M-A,dark,physical,80,100,15,0,"[{""chance"":100}]",100
thunder,Regulation M-A,electric,special,110,70,10,0,"[{""chance"":30,""status"":""par""}]",30
thunder-fang,Regulation M-A,electric,physical,65,95,15,0,"[{""chance"":10,""status"":""par""},{""chance"":10,""volatileStatus"":""flinch""}]",10
thunder-punch,Regulation M-A,electric,physical,75,100,15,0,"[{""chance"":10,""status"":""par""}]",10
thunder-wave,Regulation M-A,electric,status,,90,20,0,,
thunderbolt,Regulation M-A,electric,special,90,100,15,0,"[{""chance"":10,""status"":""par""}]",10
tickle,Regulation M-A,normal,status,,100,20,0,,
tidy-up,Regulation M-A,normal,status,,,10,0,,
topsy-turvy,Regulation M-A,dark,status,,,20,0,,
torch-song,Regulation M-A,fire,special,80,100,10,0,"[{""chance"":100,""self"":{""boosts"":{""spa"":1}}}]",100
torment,Regulation M-A,dark,status,,100,15,0,,
toxic,Regulation M-A,poison,status,,90,10,0,,
toxic-spikes,Regulation M-A,poison,status,,,20,0,,
toxic-thread,Regulation M-A,poison,status,,100,20,0,,
trailblaze,Regulation M-A,grass,physical,50,100,20,0,"[{""chance"":100,""self"":{""boosts"":{""spe"":1}}}]",100
transform,Regulation M-A,normal,status,,,10,0,,
tri-attack,Regulation M-A,normal,special,80,100,10,0,"[{""chance"":20}]",20
trick,Regulation M-A,psychic,status,,100,10,0,,
trick-or-treat,Regulation M-A,ghost,status,,100,20,0,,
trick-room,Regulation M-A,psychic,status,,,5,-7,,
triple-arrows,Regulation M-A,fighting,physical,90,100,10,0,"[{""chance"":50,""boosts"":{""def"":-1}},{""chance"":30,""volatileStatus"":""flinch""}]",50
triple-axel,Regulation M-A,ice,physical,20,90,10,0,,
trop-kick,Regulation M-A,grass,physical,85,100,15,0,"[{""chance"":100,""boosts"":{""atk"":-1}}]",100
twin-beam,Regulation M-A,psychic,special,40,100,10,0,,
u-turn,Regulation M-A,bug,physical,70,100,20,0,,
upper-hand,Regulation M-A,fighting,physical,65,100,15,3,"[{""chance"":100,""volatileStatus"":""flinch""}]",100
uproar,Regulation M-A,normal,special,90,100,10,0,,
vacuum-wave,Regulation M-A,fighting,special,40,100,20,1,,
venoshock,Regulation M-A,poison,special,65,100,10,0,,
volt-switch,Regulation M-A,electric,special,70,100,20,0,,
volt-tackle,Regulation M-A,electric,physical,120,100,15,0,"[{""chance"":10,""status"":""par""}]",10
water-pulse,Regulation M-A,water,special,60,100,20,0,"[{""chance"":20,""volatileStatus"":""confusion""}]",20
water-shuriken,Regulation M-A,water,special,15,100,20,1,,
water-spout,Regulation M-A,water,special,150,100,5,0,,
waterfall,Regulation M-A,water,physical,80,100,15,0,"[{""chance"":20,""volatileStatus"":""flinch""}]",20
wave-crash,Regulation M-A,water,physical,120,100,10,0,,
weather-ball,Regulation M-A,normal,special,50,100,10,0,,
whirlpool,Regulation M-A,water,special,35,85,15,0,,
whirlwind,Regulation M-A,normal,status,,,20,-6,,
wide-guard,Regulation M-A,rock,status,,,10,3,,
wild-charge,Regulation M-A,electric,physical,90,100,15,0,,
will-o-wisp,Regulation M-A,fire,status,,85,15,0,,
wish,Regulation M-A,normal,status,,,10,0,,
wonder-room,Regulation M-A,psychic,status,,,10,0,,
wood-hammer,Regulation M-A,grass,physical,120,100,15,0,,
worry-seed,Regulation M-A,grass,status,,100,10,0,,
wrap,Regulation M-A,normal,physical,15,90,20,0,,
x-scissor,Regulation M-A,bug,physical,80,100,15,0,,
yawn,Regulation M-A,normal,status,,,10,0,,
zap-cannon,Regulation M-A,electric,special,120,50,5,0,"[{""chance"":100,""status"":""par""}]",100
zen-headbutt,Regulation M-A,psychic,physical,80,90,15,0,"[{""chance"":20,""volatileStatus"":""flinch""}]",20
