id,name,increased_stat,decreased_stat
1,hardy,,
2,bold,defense,attack
3,modest,sp_attack,attack
4,calm,sp_defense,attack
5,timid,speed,attack
6,lonely,attack,defense
7,docile,,
8,mild,sp_attack,defense
9,gentle,sp_defense,defense
10,hasty,speed,defense
11,adamant,attack,sp_attack
12,impish,defense,sp_attack
13,bashful,,
14,careful,sp_defense,sp_attack
15,rash,sp_attack,sp_defense
16,jolly,speed,sp_attack
17,naughty,attack,sp_defense
18,lax,defense,sp_defense
19,quirky,,
20,naive,speed,sp_defense
21,brave,attack,speed
22,relaxed,defense,speed
23,quiet,sp_attack,speed
24,sassy,sp_defense,speed
25,serious,,
