national_dex_no,form_slug,pokemon_name,slot,ability,valid_from,valid_to
3,"",Venusaur,hidden,chlorophyll,Regulation M-A,
3,"",Venusaur,primary,overgrow,Regulation M-A,
3,mega,Venusaur-Mega,primary,thick-fat,Regulation M-A,
6,"",Charizard,hidden,solar-power,Regulation M-A,
6,"",Charizard,primary,blaze,Regulation M-A,
6,mega-x,Charizard-Mega-X,primary,tough-claws,Regulation M-A,
6,mega-y,Charizard-Mega-Y,primary,drought,Regulation M-A,
9,"",Blastoise,hidden,rain-dish,Regulation M-A,
9,"",Blastoise,primary,torrent,Regulation M-A,
9,mega,Blastoise-Mega,primary,mega-launcher,Regulation M-A,
15,"",Beedrill,hidden,sniper,Regulation M-A,
15,"",Beedrill,primary,swarm,Regulation M-A,
15,mega,Beedrill-Mega,primary,adaptability,Regulation M-A,
18,"",Pidgeot,hidden,big-pecks,Regulation M-A,
18,"",Pidgeot,primary,keen-eye,Regulation M-A,
18,"",Pidgeot,secondary,tangled-feet,Regulation M-A,
18,mega,Pidgeot-Mega,primary,no-guard,Regulation M-A,
24,"",Arbok,hidden,unnerve,Regulation M-A,
24,"",Arbok,primary,intimidate,Regulation M-A,
24,"",Arbok,secondary,shed-skin,Regulation M-A,
25,"",Pikachu,hidden,lightning-rod,Regulation M-A,
25,"",Pikachu,primary,static,Regulation M-A,
26,"",Raichu,hidden,lightning-rod,Regulation M-A,
26,"",Raichu,primary,static,Regulation M-A,
26,alola,Raichu-Alola,primary,surge-surfer,Regulation M-A,
26,mega-x,Raichu-Mega-X,primary,electric-surge,Regulation M-B,
26,mega-y,Raichu-Mega-Y,primary,no-guard,Regulation M-B,
36,"",Clefable,hidden,unaware,Regulation M-A,
36,"",Clefable,primary,cute-charm,Regulation M-A,
36,"",Clefable,secondary,magic-guard,Regulation M-A,
36,mega,Clefable-Mega,primary,magic-bounce,Regulation M-A,
38,"",Ninetales,hidden,drought,Regulation M-A,
38,"",Ninetales,primary,flash-fire,Regulation M-A,
38,alola,Ninetales-Alola,hidden,snow-warning,Regulation M-A,
38,alola,Ninetales-Alola,primary,snow-cloak,Regulation M-A,
40,"",Wigglytuff,hidden,frisk,Regulation M-C,
40,"",Wigglytuff,primary,cute-charm,Regulation M-C,
40,"",Wigglytuff,secondary,competitive,Regulation M-C,
45,"",Vileplume,hidden,effect-spore,Regulation M-B,
45,"",Vileplume,primary,chlorophyll,Regulation M-B,
53,"",Persian,hidden,unnerve,Regulation M-C,
53,"",Persian,primary,limber,Regulation M-C,
53,"",Persian,secondary,technician,Regulation M-C,
53,alola,Persian-Alola,hidden,rattled,Regulation M-C,
53,alola,Persian-Alola,primary,fur-coat,Regulation M-C,
53,alola,Persian-Alola,secondary,technician,Regulation M-C,
59,"",Arcanine,hidden,justified,Regulation M-A,
59,"",Arcanine,primary,intimidate,Regulation M-A,
59,"",Arcanine,secondary,flash-fire,Regulation M-A,
59,hisui,Arcanine-Hisui,hidden,rock-head,Regulation M-A,
59,hisui,Arcanine-Hisui,primary,intimidate,Regulation M-A,
59,hisui,Arcanine-Hisui,secondary,flash-fire,Regulation M-A,
65,"",Alakazam,hidden,magic-guard,Regulation M-A,
65,"",Alakazam,primary,synchronize,Regulation M-A,
65,"",Alakazam,secondary,inner-focus,Regulation M-A,
65,mega,Alakazam-Mega,primary,trace,Regulation M-A,
68,"",Machamp,hidden,steadfast,Regulation M-A,
68,"",Machamp,primary,guts,Regulation M-A,
68,"",Machamp,secondary,no-guard,Regulation M-A,
71,"",Victreebel,hidden,gluttony,Regulation M-A,
71,"",Victreebel,primary,chlorophyll,Regulation M-A,
71,mega,Victreebel-Mega,primary,innards-out,Regulation M-A,
80,"",Slowbro,hidden,regenerator,Regulation M-A,
80,"",Slowbro,primary,oblivious,Regulation M-A,
80,"",Slowbro,secondary,own-tempo,Regulation M-A,
80,galar,Slowbro-Galar,hidden,regenerator,Regulation M-A,
80,galar,Slowbro-Galar,primary,quick-draw,Regulation M-A,
80,galar,Slowbro-Galar,secondary,own-tempo,Regulation M-A,
80,mega,Slowbro-Mega,primary,shell-armor,Regulation M-A,
83,"",Farfetch’d,hidden,defiant,Regulation M-C,
83,"",Farfetch’d,primary,keen-eye,Regulation M-C,
83,"",Farfetch’d,secondary,inner-focus,Regulation M-C,
94,"",Gengar,primary,cursed-body,Regulation M-A,
94,mega,Gengar-Mega,primary,shadow-tag,Regulation M-A,
115,"",Kangaskhan,hidden,inner-focus,Regulation M-A,
115,"",Kangaskhan,primary,early-bird,Regulation M-A,
115,"",Kangaskhan,secondary,scrappy,Regulation M-A,
115,mega,Kangaskhan-Mega,primary,parental-bond,Regulation M-A,
121,"",Starmie,hidden,analytic,Regulation M-A,
121,"",Starmie,primary,illuminate,Regulation M-A,
121,"",Starmie,secondary,natural-cure,Regulation M-A,
121,mega,Starmie-Mega,primary,huge-power,Regulation M-A,
122,"",Mr. Mime,hidden,technician,Regulation M-C,
122,"",Mr. Mime,primary,soundproof,Regulation M-C,
122,"",Mr. Mime,secondary,filter,Regulation M-C,
127,"",Pinsir,hidden,moxie,Regulation M-A,
127,"",Pinsir,primary,hyper-cutter,Regulation M-A,
127,"",Pinsir,secondary,mold-breaker,Regulation M-A,
127,mega,Pinsir-Mega,primary,aerilate,Regulation M-A,
128,"",Tauros,hidden,sheer-force,Regulation M-A,
128,"",Tauros,primary,intimidate,Regulation M-A,
128,"",Tauros,secondary,anger-point,Regulation M-A,
128,paldea-aqua,Tauros-Paldea-Aqua,hidden,cud-chew,Regulation M-A,
128,paldea-aqua,Tauros-Paldea-Aqua,primary,intimidate,Regulation M-A,
128,paldea-aqua,Tauros-Paldea-Aqua,secondary,anger-point,Regulation M-A,
128,paldea-blaze,Tauros-Paldea-Blaze,hidden,cud-chew,Regulation M-A,
128,paldea-blaze,Tauros-Paldea-Blaze,primary,intimidate,Regulation M-A,
128,paldea-blaze,Tauros-Paldea-Blaze,secondary,anger-point,Regulation M-A,
128,paldea-combat,Tauros-Paldea-Combat,hidden,cud-chew,Regulation M-A,
128,paldea-combat,Tauros-Paldea-Combat,primary,intimidate,Regulation M-A,
128,paldea-combat,Tauros-Paldea-Combat,secondary,anger-point,Regulation M-A,
130,"",Gyarados,hidden,moxie,Regulation M-A,
130,"",Gyarados,primary,intimidate,Regulation M-A,
130,mega,Gyarados-Mega,primary,mold-breaker,Regulation M-A,
132,"",Ditto,hidden,imposter,Regulation M-A,
132,"",Ditto,primary,limber,Regulation M-A,
134,"",Vaporeon,hidden,hydration,Regulation M-A,
134,"",Vaporeon,primary,water-absorb,Regulation M-A,
135,"",Jolteon,hidden,quick-feet,Regulation M-A,
135,"",Jolteon,primary,volt-absorb,Regulation M-A,
136,"",Flareon,hidden,guts,Regulation M-A,
136,"",Flareon,primary,flash-fire,Regulation M-A,
142,"",Aerodactyl,hidden,unnerve,Regulation M-A,
142,"",Aerodactyl,primary,rock-head,Regulation M-A,
142,"",Aerodactyl,secondary,pressure,Regulation M-A,
142,mega,Aerodactyl-Mega,primary,tough-claws,Regulation M-A,
143,"",Snorlax,hidden,gluttony,Regulation M-A,
143,"",Snorlax,primary,immunity,Regulation M-A,
143,"",Snorlax,secondary,thick-fat,Regulation M-A,
149,"",Dragonite,hidden,multiscale,Regulation M-A,
149,"",Dragonite,primary,inner-focus,Regulation M-A,
149,mega,Dragonite-Mega,primary,multiscale,Regulation M-A,
154,"",Meganium,hidden,leaf-guard,Regulation M-A,
154,"",Meganium,primary,overgrow,Regulation M-A,
154,mega,Meganium-Mega,primary,mega-sol,Regulation M-A,
157,"",Typhlosion,hidden,flash-fire,Regulation M-A,
157,"",Typhlosion,primary,blaze,Regulation M-A,
157,hisui,Typhlosion-Hisui,hidden,frisk,Regulation M-A,
157,hisui,Typhlosion-Hisui,primary,blaze,Regulation M-A,
160,"",Feraligatr,hidden,sheer-force,Regulation M-A,
160,"",Feraligatr,primary,torrent,Regulation M-A,
160,mega,Feraligatr-Mega,primary,dragonize,Regulation M-A,
168,"",Ariados,hidden,sniper,Regulation M-A,
168,"",Ariados,primary,swarm,Regulation M-A,
168,"",Ariados,secondary,insomnia,Regulation M-A,
181,"",Ampharos,hidden,plus,Regulation M-A,
181,"",Ampharos,primary,static,Regulation M-A,
181,mega,Ampharos-Mega,primary,mold-breaker,Regulation M-A,
184,"",Azumarill,hidden,sap-sipper,Regulation M-A,
184,"",Azumarill,primary,thick-fat,Regulation M-A,
184,"",Azumarill,secondary,huge-power,Regulation M-A,
186,"",Politoed,hidden,drizzle,Regulation M-A,
186,"",Politoed,primary,water-absorb,Regulation M-A,
186,"",Politoed,secondary,damp,Regulation M-A,
196,"",Espeon,hidden,magic-bounce,Regulation M-A,
196,"",Espeon,primary,synchronize,Regulation M-A,
197,"",Umbreon,hidden,inner-focus,Regulation M-A,
197,"",Umbreon,primary,synchronize,Regulation M-A,
199,"",Slowking,hidden,regenerator,Regulation M-A,
199,"",Slowking,primary,oblivious,Regulation M-A,
199,"",Slowking,secondary,own-tempo,Regulation M-A,
199,galar,Slowking-Galar,hidden,regenerator,Regulation M-A,
199,galar,Slowking-Galar,primary,curious-medicine,Regulation M-A,
199,galar,Slowking-Galar,secondary,own-tempo,Regulation M-A,
205,"",Forretress,hidden,overcoat,Regulation M-A,
205,"",Forretress,primary,sturdy,Regulation M-A,
208,"",Steelix,hidden,sheer-force,Regulation M-A,
208,"",Steelix,primary,rock-head,Regulation M-A,
208,"",Steelix,secondary,sturdy,Regulation M-A,
208,mega,Steelix-Mega,primary,sand-force,Regulation M-A,
211,"",Qwilfish,hidden,intimidate,Regulation M-B,
211,"",Qwilfish,primary,poison-point,Regulation M-B,
211,"",Qwilfish,secondary,swift-swim,Regulation M-B,
212,"",Scizor,hidden,light-metal,Regulation M-A,
212,"",Scizor,primary,swarm,Regulation M-A,
212,"",Scizor,secondary,technician,Regulation M-A,
212,mega,Scizor-Mega,primary,technician,Regulation M-A,
214,"",Heracross,hidden,moxie,Regulation M-A,
214,"",Heracross,primary,swarm,Regulation M-A,
214,"",Heracross,secondary,guts,Regulation M-A,
214,mega,Heracross-Mega,primary,skill-link,Regulation M-A,
227,"",Skarmory,hidden,weak-armor,Regulation M-A,
227,"",Skarmory,primary,keen-eye,Regulation M-A,
227,"",Skarmory,secondary,sturdy,Regulation M-A,
227,mega,Skarmory-Mega,primary,stalwart,Regulation M-A,
229,"",Houndoom,hidden,unnerve,Regulation M-A,
229,"",Houndoom,primary,early-bird,Regulation M-A,
229,"",Houndoom,secondary,flash-fire,Regulation M-A,
229,mega,Houndoom-Mega,primary,solar-power,Regulation M-A,
248,"",Tyranitar,hidden,unnerve,Regulation M-A,
248,"",Tyranitar,primary,sand-stream,Regulation M-A,
248,mega,Tyranitar-Mega,primary,sand-stream,Regulation M-A,
254,"",Sceptile,hidden,unburden,Regulation M-B,
254,"",Sceptile,primary,overgrow,Regulation M-B,
254,mega,Sceptile-Mega,primary,lightning-rod,Regulation M-B,
257,"",Blaziken,hidden,speed-boost,Regulation M-B,
257,"",Blaziken,primary,blaze,Regulation M-B,
257,mega,Blaziken-Mega,primary,speed-boost,Regulation M-B,
260,"",Swampert,hidden,damp,Regulation M-B,
260,"",Swampert,primary,torrent,Regulation M-B,
260,mega,Swampert-Mega,primary,swift-swim,Regulation M-B,
279,"",Pelipper,hidden,rain-dish,Regulation M-A,
279,"",Pelipper,primary,keen-eye,Regulation M-A,
279,"",Pelipper,secondary,drizzle,Regulation M-A,
282,"",Gardevoir,hidden,telepathy,Regulation M-A,
282,"",Gardevoir,primary,synchronize,Regulation M-A,
282,"",Gardevoir,secondary,trace,Regulation M-A,
282,mega,Gardevoir-Mega,primary,pixilate,Regulation M-A,
302,"",Sableye,hidden,prankster,Regulation M-A,
302,"",Sableye,primary,keen-eye,Regulation M-A,
302,"",Sableye,secondary,stall,Regulation M-A,
302,mega,Sableye-Mega,primary,magic-bounce,Regulation M-A,
303,"",Mawile,hidden,sheer-force,Regulation M-B,
303,"",Mawile,primary,hyper-cutter,Regulation M-B,
303,"",Mawile,secondary,intimidate,Regulation M-B,
303,mega,Mawile-Mega,primary,huge-power,Regulation M-B,
306,"",Aggron,hidden,heavy-metal,Regulation M-A,
306,"",Aggron,primary,sturdy,Regulation M-A,
306,"",Aggron,secondary,rock-head,Regulation M-A,
306,mega,Aggron-Mega,primary,filter,Regulation M-A,
308,"",Medicham,hidden,telepathy,Regulation M-A,
308,"",Medicham,primary,pure-power,Regulation M-A,
308,mega,Medicham-Mega,primary,pure-power,Regulation M-A,
310,"",Manectric,hidden,minus,Regulation M-A,
310,"",Manectric,primary,static,Regulation M-A,
310,"",Manectric,secondary,lightning-rod,Regulation M-A,
310,mega,Manectric-Mega,primary,intimidate,Regulation M-A,
317,"",Swalot,hidden,gluttony,Regulation M-C,
317,"",Swalot,primary,liquid-ooze,Regulation M-C,
317,"",Swalot,secondary,sticky-hold,Regulation M-C,
319,"",Sharpedo,hidden,speed-boost,Regulation M-A,
319,"",Sharpedo,primary,rough-skin,Regulation M-A,
319,mega,Sharpedo-Mega,primary,strong-jaw,Regulation M-A,
323,"",Camerupt,hidden,anger-point,Regulation M-A,
323,"",Camerupt,primary,magma-armor,Regulation M-A,
323,"",Camerupt,secondary,solid-rock,Regulation M-A,
323,mega,Camerupt-Mega,primary,sheer-force,Regulation M-A,
324,"",Torkoal,hidden,shell-armor,Regulation M-A,
324,"",Torkoal,primary,white-smoke,Regulation M-A,
324,"",Torkoal,secondary,drought,Regulation M-A,
334,"",Altaria,hidden,cloud-nine,Regulation M-A,
334,"",Altaria,primary,natural-cure,Regulation M-A,
334,mega,Altaria-Mega,primary,pixilate,Regulation M-A,
350,"",Milotic,hidden,cute-charm,Regulation M-A,
350,"",Milotic,primary,marvel-scale,Regulation M-A,
350,"",Milotic,secondary,competitive,Regulation M-A,
351,"",Castform,primary,forecast,Regulation M-A,
351,rainy,Castform-Rainy,primary,forecast,Regulation M-A,
351,snowy,Castform-Snowy,primary,forecast,Regulation M-A,
351,sunny,Castform-Sunny,primary,forecast,Regulation M-A,
354,"",Banette,hidden,cursed-body,Regulation M-A,
354,"",Banette,primary,insomnia,Regulation M-A,
354,"",Banette,secondary,frisk,Regulation M-A,
354,mega,Banette-Mega,primary,prankster,Regulation M-A,
358,"",Chimecho,primary,levitate,Regulation M-A,
358,mega,Chimecho-Mega,primary,levitate,Regulation M-A,
359,"",Absol,hidden,justified,Regulation M-A,
359,"",Absol,primary,pressure,Regulation M-A,
359,"",Absol,secondary,super-luck,Regulation M-A,
359,mega,Absol-Mega,primary,magic-bounce,Regulation M-A,
359,mega-z,Absol-Mega-Z,primary,sharpness,Regulation M-C,
362,"",Glalie,hidden,moody,Regulation M-A,
362,"",Glalie,primary,inner-focus,Regulation M-A,
362,"",Glalie,secondary,ice-body,Regulation M-A,
362,mega,Glalie-Mega,primary,refrigerate,Regulation M-A,
373,"",Salamence,hidden,moxie,Regulation M-C,
373,"",Salamence,primary,intimidate,Regulation M-C,
373,mega,Salamence-Mega,primary,aerilate,Regulation M-C,
376,"",Metagross,hidden,light-metal,Regulation M-B,
376,"",Metagross,primary,clear-body,Regulation M-B,
376,mega,Metagross-Mega,primary,tough-claws,Regulation M-B,
389,"",Torterra,hidden,shell-armor,Regulation M-A,
389,"",Torterra,primary,overgrow,Regulation M-A,
392,"",Infernape,hidden,iron-fist,Regulation M-A,
392,"",Infernape,primary,blaze,Regulation M-A,
395,"",Empoleon,hidden,competitive,Regulation M-A,
395,"",Empoleon,primary,torrent,Regulation M-A,
398,"",Staraptor,hidden,reckless,Regulation M-B,
398,"",Staraptor,primary,intimidate,Regulation M-B,
398,mega,Staraptor-Mega,primary,contrary,Regulation M-B,
405,"",Luxray,hidden,guts,Regulation M-A,
405,"",Luxray,primary,rivalry,Regulation M-A,
405,"",Luxray,secondary,intimidate,Regulation M-A,
407,"",Roserade,hidden,technician,Regulation M-A,
407,"",Roserade,primary,natural-cure,Regulation M-A,
407,"",Roserade,secondary,poison-point,Regulation M-A,
409,"",Rampardos,hidden,sheer-force,Regulation M-A,
409,"",Rampardos,primary,mold-breaker,Regulation M-A,
411,"",Bastiodon,hidden,soundproof,Regulation M-A,
411,"",Bastiodon,primary,sturdy,Regulation M-A,
428,"",Lopunny,hidden,limber,Regulation M-A,
428,"",Lopunny,primary,cute-charm,Regulation M-A,
428,"",Lopunny,secondary,klutz,Regulation M-A,
428,mega,Lopunny-Mega,primary,scrappy,Regulation M-A,
442,"",Spiritomb,hidden,infiltrator,Regulation M-A,
442,"",Spiritomb,primary,pressure,Regulation M-A,
445,"",Garchomp,hidden,rough-skin,Regulation M-A,
445,"",Garchomp,primary,sand-veil,Regulation M-A,
445,mega,Garchomp-Mega,primary,sand-force,Regulation M-A,
445,mega-z,Garchomp-Mega-Z,primary,levitate,Regulation M-C,
448,"",Lucario,hidden,justified,Regulation M-A,
448,"",Lucario,primary,steadfast,Regulation M-A,
448,"",Lucario,secondary,inner-focus,Regulation M-A,
448,mega,Lucario-Mega,primary,adaptability,Regulation M-A,
448,mega-z,Lucario-Mega-Z,primary,aura-guard,Regulation M-C,
450,"",Hippowdon,hidden,sand-force,Regulation M-A,
450,"",Hippowdon,primary,sand-stream,Regulation M-A,
454,"",Toxicroak,hidden,poison-touch,Regulation M-A,
454,"",Toxicroak,primary,anticipation,Regulation M-A,
454,"",Toxicroak,secondary,dry-skin,Regulation M-A,
460,"",Abomasnow,hidden,soundproof,Regulation M-A,
460,"",Abomasnow,primary,snow-warning,Regulation M-A,
460,mega,Abomasnow-Mega,primary,snow-warning,Regulation M-A,
461,"",Weavile,hidden,pickpocket,Regulation M-A,
461,"",Weavile,primary,pressure,Regulation M-A,
464,"",Rhyperior,hidden,reckless,Regulation M-A,
464,"",Rhyperior,primary,lightning-rod,Regulation M-A,
464,"",Rhyperior,secondary,solid-rock,Regulation M-A,
470,"",Leafeon,hidden,chlorophyll,Regulation M-A,
470,"",Leafeon,primary,leaf-guard,Regulation M-A,
471,"",Glaceon,hidden,ice-body,Regulation M-A,
471,"",Glaceon,primary,snow-cloak,Regulation M-A,
472,"",Gliscor,hidden,poison-heal,Regulation M-A,
472,"",Gliscor,primary,hyper-cutter,Regulation M-A,
472,"",Gliscor,secondary,sand-veil,Regulation M-A,
473,"",Mamoswine,hidden,thick-fat,Regulation M-A,
473,"",Mamoswine,primary,oblivious,Regulation M-A,
473,"",Mamoswine,secondary,snow-cloak,Regulation M-A,
475,"",Gallade,hidden,justified,Regulation M-A,
475,"",Gallade,primary,steadfast,Regulation M-A,
475,"",Gallade,secondary,sharpness,Regulation M-A,
475,mega,Gallade-Mega,primary,inner-focus,Regulation M-A,
478,"",Froslass,hidden,cursed-body,Regulation M-A,
478,"",Froslass,primary,snow-cloak,Regulation M-A,
478,mega,Froslass-Mega,primary,snow-warning,Regulation M-A,
479,"",Rotom,primary,levitate,Regulation M-A,
479,fan,Rotom-Fan,primary,levitate,Regulation M-A,
479,frost,Rotom-Frost,primary,levitate,Regulation M-A,
479,heat,Rotom-Heat,primary,levitate,Regulation M-A,
479,mow,Rotom-Mow,primary,levitate,Regulation M-A,
479,wash,Rotom-Wash,primary,levitate,Regulation M-A,
497,"",Serperior,hidden,contrary,Regulation M-A,
497,"",Serperior,primary,overgrow,Regulation M-A,
500,"",Emboar,hidden,reckless,Regulation M-A,
500,"",Emboar,primary,blaze,Regulation M-A,
500,mega,Emboar-Mega,primary,mold-breaker,Regulation M-A,
503,"",Samurott,hidden,shell-armor,Regulation M-A,
503,"",Samurott,primary,torrent,Regulation M-A,
503,hisui,Samurott-Hisui,hidden,sharpness,Regulation M-A,
503,hisui,Samurott-Hisui,primary,torrent,Regulation M-A,
505,"",Watchog,hidden,analytic,Regulation M-A,
505,"",Watchog,primary,illuminate,Regulation M-A,
505,"",Watchog,secondary,keen-eye,Regulation M-A,
510,"",Liepard,hidden,prankster,Regulation M-A,
510,"",Liepard,primary,limber,Regulation M-A,
510,"",Liepard,secondary,unburden,Regulation M-A,
512,"",Simisage,hidden,overgrow,Regulation M-A,
512,"",Simisage,primary,gluttony,Regulation M-A,
514,"",Simisear,hidden,blaze,Regulation M-A,
514,"",Simisear,primary,gluttony,Regulation M-A,
516,"",Simipour,hidden,torrent,Regulation M-A,
516,"",Simipour,primary,gluttony,Regulation M-A,
518,"",Musharna,hidden,telepathy,Regulation M-B,
518,"",Musharna,primary,forewarn,Regulation M-B,
518,"",Musharna,secondary,synchronize,Regulation M-B,
530,"",Excadrill,hidden,mold-breaker,Regulation M-A,
530,"",Excadrill,primary,sand-rush,Regulation M-A,
530,"",Excadrill,secondary,sand-force,Regulation M-A,
530,mega,Excadrill-Mega,primary,piercing-drill,Regulation M-A,
531,"",Audino,hidden,klutz,Regulation M-A,
531,"",Audino,primary,healer,Regulation M-A,
531,"",Audino,secondary,regenerator,Regulation M-A,
531,mega,Audino-Mega,primary,healer,Regulation M-A,
534,"",Conkeldurr,hidden,iron-fist,Regulation M-A,
534,"",Conkeldurr,primary,guts,Regulation M-A,
534,"",Conkeldurr,secondary,sheer-force,Regulation M-A,
545,"",Scolipede,hidden,speed-boost,Regulation M-B,
545,"",Scolipede,primary,poison-point,Regulation M-B,
545,"",Scolipede,secondary,swarm,Regulation M-B,
545,mega,Scolipede-Mega,primary,shell-armor,Regulation M-B,
547,"",Whimsicott,hidden,chlorophyll,Regulation M-A,
547,"",Whimsicott,primary,prankster,Regulation M-A,
547,"",Whimsicott,secondary,infiltrator,Regulation M-A,
553,"",Krookodile,hidden,anger-point,Regulation M-A,
553,"",Krookodile,primary,intimidate,Regulation M-A,
553,"",Krookodile,secondary,moxie,Regulation M-A,
560,"",Scrafty,hidden,intimidate,Regulation M-B,
560,"",Scrafty,primary,shed-skin,Regulation M-B,
560,"",Scrafty,secondary,moxie,Regulation M-B,
560,mega,Scrafty-Mega,primary,intimidate,Regulation M-B,
563,"",Cofagrigus,primary,mummy,Regulation M-A,
569,"",Garbodor,hidden,aftermath,Regulation M-A,
569,"",Garbodor,primary,stench,Regulation M-A,
569,"",Garbodor,secondary,weak-armor,Regulation M-A,
571,"",Zoroark,primary,illusion,Regulation M-A,
571,hisui,Zoroark-Hisui,primary,illusion,Regulation M-A,
579,"",Reuniclus,hidden,regenerator,Regulation M-A,
579,"",Reuniclus,primary,overcoat,Regulation M-A,
579,"",Reuniclus,secondary,magic-guard,Regulation M-A,
584,"",Vanilluxe,hidden,weak-armor,Regulation M-A,
584,"",Vanilluxe,primary,ice-body,Regulation M-A,
584,"",Vanilluxe,secondary,snow-warning,Regulation M-A,
587,"",Emolga,hidden,motor-drive,Regulation M-A,
587,"",Emolga,primary,static,Regulation M-A,
604,"",Eelektross,primary,levitate,Regulation M-B,
604,mega,Eelektross-Mega,primary,eelevate,Regulation M-B,
609,"",Chandelure,hidden,infiltrator,Regulation M-A,
609,"",Chandelure,primary,flash-fire,Regulation M-A,
609,"",Chandelure,secondary,flame-body,Regulation M-A,
609,mega,Chandelure-Mega,primary,infiltrator,Regulation M-A,
614,"",Beartic,hidden,swift-swim,Regulation M-A,
614,"",Beartic,primary,snow-cloak,Regulation M-A,
614,"",Beartic,secondary,slush-rush,Regulation M-A,
618,"",Stunfisk,hidden,sand-veil,Regulation M-A,
618,"",Stunfisk,primary,static,Regulation M-A,
618,"",Stunfisk,secondary,limber,Regulation M-A,
618,galar,Stunfisk-Galar,primary,mimicry,Regulation M-A,
623,"",Golurk,hidden,no-guard,Regulation M-A,
623,"",Golurk,primary,iron-fist,Regulation M-A,
623,"",Golurk,secondary,klutz,Regulation M-A,
623,mega,Golurk-Mega,primary,unseen-fist,Regulation M-A,
635,"",Hydreigon,primary,levitate,Regulation M-A,
637,"",Volcarona,hidden,swarm,Regulation M-A,
637,"",Volcarona,primary,flame-body,Regulation M-A,
652,"",Chesnaught,hidden,bulletproof,Regulation M-A,
652,"",Chesnaught,primary,overgrow,Regulation M-A,
652,mega,Chesnaught-Mega,primary,bulletproof,Regulation M-A,
655,"",Delphox,hidden,magician,Regulation M-A,
655,"",Delphox,primary,blaze,Regulation M-A,
655,mega,Delphox-Mega,primary,levitate,Regulation M-A,
658,"",Greninja,hidden,protean,Regulation M-A,
658,"",Greninja,primary,torrent,Regulation M-A,
658,mega,Greninja-Mega,primary,protean,Regulation M-A,
660,"",Diggersby,hidden,huge-power,Regulation M-A,
660,"",Diggersby,primary,pickup,Regulation M-A,
660,"",Diggersby,secondary,cheek-pouch,Regulation M-A,
663,"",Talonflame,hidden,gale-wings,Regulation M-A,
663,"",Talonflame,primary,flame-body,Regulation M-A,
666,"",Vivillon,hidden,friend-guard,Regulation M-A,
666,"",Vivillon,primary,shield-dust,Regulation M-A,
666,"",Vivillon,secondary,compound-eyes,Regulation M-A,
666,archipelago,Vivillon-Archipelago,hidden,friend-guard,Regulation M-A,
666,archipelago,Vivillon-Archipelago,primary,shield-dust,Regulation M-A,
666,archipelago,Vivillon-Archipelago,secondary,compound-eyes,Regulation M-A,
666,continental,Vivillon-Continental,hidden,friend-guard,Regulation M-A,
666,continental,Vivillon-Continental,primary,shield-dust,Regulation M-A,
666,continental,Vivillon-Continental,secondary,compound-eyes,Regulation M-A,
666,elegant,Vivillon-Elegant,hidden,friend-guard,Regulation M-A,
666,elegant,Vivillon-Elegant,primary,shield-dust,Regulation M-A,
666,elegant,Vivillon-Elegant,secondary,compound-eyes,Regulation M-A,
666,fancy,Vivillon-Fancy,hidden,friend-guard,Regulation M-A,
666,fancy,Vivillon-Fancy,primary,shield-dust,Regulation M-A,
666,fancy,Vivillon-Fancy,secondary,compound-eyes,Regulation M-A,
666,garden,Vivillon-Garden,hidden,friend-guard,Regulation M-A,
666,garden,Vivillon-Garden,primary,shield-dust,Regulation M-A,
666,garden,Vivillon-Garden,secondary,compound-eyes,Regulation M-A,
666,high-plains,Vivillon-High Plains,hidden,friend-guard,Regulation M-A,
666,high-plains,Vivillon-High Plains,primary,shield-dust,Regulation M-A,
666,high-plains,Vivillon-High Plains,secondary,compound-eyes,Regulation M-A,
666,icy-snow,Vivillon-Icy Snow,hidden,friend-guard,Regulation M-A,
666,icy-snow,Vivillon-Icy Snow,primary,shield-dust,Regulation M-A,
666,icy-snow,Vivillon-Icy Snow,secondary,compound-eyes,Regulation M-A,
666,jungle,Vivillon-Jungle,hidden,friend-guard,Regulation M-A,
666,jungle,Vivillon-Jungle,primary,shield-dust,Regulation M-A,
666,jungle,Vivillon-Jungle,secondary,compound-eyes,Regulation M-A,
666,marine,Vivillon-Marine,hidden,friend-guard,Regulation M-A,
666,marine,Vivillon-Marine,primary,shield-dust,Regulation M-A,
666,marine,Vivillon-Marine,secondary,compound-eyes,Regulation M-A,
666,modern,Vivillon-Modern,hidden,friend-guard,Regulation M-A,
666,modern,Vivillon-Modern,primary,shield-dust,Regulation M-A,
666,modern,Vivillon-Modern,secondary,compound-eyes,Regulation M-A,
666,monsoon,Vivillon-Monsoon,hidden,friend-guard,Regulation M-A,
666,monsoon,Vivillon-Monsoon,primary,shield-dust,Regulation M-A,
666,monsoon,Vivillon-Monsoon,secondary,compound-eyes,Regulation M-A,
666,ocean,Vivillon-Ocean,hidden,friend-guard,Regulation M-A,
666,ocean,Vivillon-Ocean,primary,shield-dust,Regulation M-A,
666,ocean,Vivillon-Ocean,secondary,compound-eyes,Regulation M-A,
666,pokeball,Vivillon-Pokeball,hidden,friend-guard,Regulation M-A,
666,pokeball,Vivillon-Pokeball,primary,shield-dust,Regulation M-A,
666,pokeball,Vivillon-Pokeball,secondary,compound-eyes,Regulation M-A,
666,polar,Vivillon-Polar,hidden,friend-guard,Regulation M-A,
666,polar,Vivillon-Polar,primary,shield-dust,Regulation M-A,
666,polar,Vivillon-Polar,secondary,compound-eyes,Regulation M-A,
666,river,Vivillon-River,hidden,friend-guard,Regulation M-A,
666,river,Vivillon-River,primary,shield-dust,Regulation M-A,
666,river,Vivillon-River,secondary,compound-eyes,Regulation M-A,
666,sandstorm,Vivillon-Sandstorm,hidden,friend-guard,Regulation M-A,
666,sandstorm,Vivillon-Sandstorm,primary,shield-dust,Regulation M-A,
666,sandstorm,Vivillon-Sandstorm,secondary,compound-eyes,Regulation M-A,
666,savanna,Vivillon-Savanna,hidden,friend-guard,Regulation M-A,
666,savanna,Vivillon-Savanna,primary,shield-dust,Regulation M-A,
666,savanna,Vivillon-Savanna,secondary,compound-eyes,Regulation M-A,
666,sun,Vivillon-Sun,hidden,friend-guard,Regulation M-A,
666,sun,Vivillon-Sun,primary,shield-dust,Regulation M-A,
666,sun,Vivillon-Sun,secondary,compound-eyes,Regulation M-A,
666,tundra,Vivillon-Tundra,hidden,friend-guard,Regulation M-A,
666,tundra,Vivillon-Tundra,primary,shield-dust,Regulation M-A,
666,tundra,Vivillon-Tundra,secondary,compound-eyes,Regulation M-A,
668,"",Pyroar,hidden,moxie,Regulation M-B,
668,"",Pyroar,primary,rivalry,Regulation M-B,
668,"",Pyroar,secondary,unnerve,Regulation M-B,
668,mega,Pyroar-Mega,primary,fire-mane,Regulation M-B,
670,eternal,Floette-Eternal,hidden,symbiosis,Regulation M-A,
670,eternal,Floette-Eternal,primary,flower-veil,Regulation M-A,
670,mega,Floette-Mega,primary,fairy-aura,Regulation M-A,
671,"",Florges,hidden,symbiosis,Regulation M-A,
671,"",Florges,primary,flower-veil,Regulation M-A,
673,"",Gogoat,hidden,grass-pelt,Regulation M-C,
673,"",Gogoat,primary,sap-sipper,Regulation M-C,
675,"",Pangoro,hidden,scrappy,Regulation M-A,
675,"",Pangoro,primary,iron-fist,Regulation M-A,
675,"",Pangoro,secondary,mold-breaker,Regulation M-A,
676,"",Furfrou,primary,fur-coat,Regulation M-A,
678,"",Meowstic,hidden,prankster,Regulation M-A,
678,"",Meowstic,primary,keen-eye,Regulation M-A,
678,"",Meowstic,secondary,infiltrator,Regulation M-A,
678,f,Meowstic-F,hidden,competitive,Regulation M-A,
678,f,Meowstic-F,primary,keen-eye,Regulation M-A,
678,f,Meowstic-F,secondary,infiltrator,Regulation M-A,
678,f-mega,Meowstic-F-Mega,primary,trace,Regulation M-A,
678,m-mega,Meowstic-M-Mega,primary,trace,Regulation M-A,
681,"",Aegislash,primary,stance-change,Regulation M-A,
681,blade,Aegislash-Blade,primary,stance-change,Regulation M-A,
683,"",Aromatisse,hidden,aroma-veil,Regulation M-A,
683,"",Aromatisse,primary,healer,Regulation M-A,
685,"",Slurpuff,hidden,unburden,Regulation M-A,
685,"",Slurpuff,primary,sweet-veil,Regulation M-A,
687,"",Malamar,hidden,infiltrator,Regulation M-B,
687,"",Malamar,primary,contrary,Regulation M-B,
687,"",Malamar,secondary,suction-cups,Regulation M-B,
687,mega,Malamar-Mega,primary,contrary,Regulation M-B,
689,"",Barbaracle,hidden,pickpocket,Regulation M-B,
689,"",Barbaracle,primary,tough-claws,Regulation M-B,
689,"",Barbaracle,secondary,sniper,Regulation M-B,
689,mega,Barbaracle-Mega,primary,tough-claws,Regulation M-B,
691,"",Dragalge,hidden,adaptability,Regulation M-B,
691,"",Dragalge,primary,poison-point,Regulation M-B,
691,"",Dragalge,secondary,poison-touch,Regulation M-B,
691,mega,Dragalge-Mega,primary,regenerator,Regulation M-B,
693,"",Clawitzer,primary,mega-launcher,Regulation M-A,
695,"",Heliolisk,hidden,solar-power,Regulation M-A,
695,"",Heliolisk,primary,dry-skin,Regulation M-A,
695,"",Heliolisk,secondary,sand-veil,Regulation M-A,
697,"",Tyrantrum,hidden,rock-head,Regulation M-A,
697,"",Tyrantrum,primary,strong-jaw,Regulation M-A,
699,"",Aurorus,hidden,snow-warning,Regulation M-A,
699,"",Aurorus,primary,refrigerate,Regulation M-A,
700,"",Sylveon,hidden,pixilate,Regulation M-A,
700,"",Sylveon,primary,cute-charm,Regulation M-A,
701,"",Hawlucha,hidden,mold-breaker,Regulation M-A,
701,"",Hawlucha,primary,limber,Regulation M-A,
701,"",Hawlucha,secondary,unburden,Regulation M-A,
701,mega,Hawlucha-Mega,primary,no-guard,Regulation M-A,
702,"",Dedenne,hidden,plus,Regulation M-A,
702,"",Dedenne,primary,cheek-pouch,Regulation M-A,
702,"",Dedenne,secondary,pickup,Regulation M-A,
706,"",Goodra,hidden,gooey,Regulation M-A,
706,"",Goodra,primary,sap-sipper,Regulation M-A,
706,"",Goodra,secondary,hydration,Regulation M-A,
706,hisui,Goodra-Hisui,hidden,gooey,Regulation M-A,
706,hisui,Goodra-Hisui,primary,sap-sipper,Regulation M-A,
706,hisui,Goodra-Hisui,secondary,shell-armor,Regulation M-A,
707,"",Klefki,hidden,magician,Regulation M-A,
707,"",Klefki,primary,prankster,Regulation M-A,
709,"",Trevenant,hidden,harvest,Regulation M-A,
709,"",Trevenant,primary,natural-cure,Regulation M-A,
709,"",Trevenant,secondary,frisk,Regulation M-A,
711,"",Gourgeist,hidden,insomnia,Regulation M-A,
711,"",Gourgeist,primary,pickup,Regulation M-A,
711,"",Gourgeist,secondary,frisk,Regulation M-A,
711,large,Gourgeist-Large,hidden,insomnia,Regulation M-A,
711,large,Gourgeist-Large,primary,pickup,Regulation M-A,
711,large,Gourgeist-Large,secondary,frisk,Regulation M-A,
711,small,Gourgeist-Small,hidden,insomnia,Regulation M-A,
711,small,Gourgeist-Small,primary,pickup,Regulation M-A,
711,small,Gourgeist-Small,secondary,frisk,Regulation M-A,
711,super,Gourgeist-Super,hidden,insomnia,Regulation M-A,
711,super,Gourgeist-Super,primary,pickup,Regulation M-A,
711,super,Gourgeist-Super,secondary,frisk,Regulation M-A,
713,"",Avalugg,hidden,sturdy,Regulation M-A,
713,"",Avalugg,primary,own-tempo,Regulation M-A,
713,"",Avalugg,secondary,ice-body,Regulation M-A,
713,hisui,Avalugg-Hisui,hidden,sturdy,Regulation M-A,
713,hisui,Avalugg-Hisui,primary,strong-jaw,Regulation M-A,
713,hisui,Avalugg-Hisui,secondary,ice-body,Regulation M-A,
715,"",Noivern,hidden,telepathy,Regulation M-A,
715,"",Noivern,primary,frisk,Regulation M-A,
715,"",Noivern,secondary,infiltrator,Regulation M-A,
724,"",Decidueye,hidden,long-reach,Regulation M-A,
724,"",Decidueye,primary,overgrow,Regulation M-A,
724,hisui,Decidueye-Hisui,hidden,scrappy,Regulation M-A,
724,hisui,Decidueye-Hisui,primary,overgrow,Regulation M-A,
727,"",Incineroar,hidden,intimidate,Regulation M-A,
727,"",Incineroar,primary,blaze,Regulation M-A,
730,"",Primarina,hidden,liquid-voice,Regulation M-A,
730,"",Primarina,primary,torrent,Regulation M-A,
733,"",Toucannon,hidden,sheer-force,Regulation M-A,
733,"",Toucannon,primary,keen-eye,Regulation M-A,
733,"",Toucannon,secondary,skill-link,Regulation M-A,
740,"",Crabominable,hidden,anger-point,Regulation M-A,
740,"",Crabominable,primary,hyper-cutter,Regulation M-A,
740,"",Crabominable,secondary,iron-fist,Regulation M-A,
740,mega,Crabominable-Mega,primary,iron-fist,Regulation M-A,
745,"",Lycanroc,hidden,steadfast,Regulation M-A,
745,"",Lycanroc,primary,keen-eye,Regulation M-A,
745,"",Lycanroc,secondary,sand-rush,Regulation M-A,
745,dusk,Lycanroc-Dusk,primary,tough-claws,Regulation M-A,
745,midnight,Lycanroc-Midnight,hidden,no-guard,Regulation M-A,
745,midnight,Lycanroc-Midnight,primary,keen-eye,Regulation M-A,
745,midnight,Lycanroc-Midnight,secondary,vital-spirit,Regulation M-A,
748,"",Toxapex,hidden,regenerator,Regulation M-A,
748,"",Toxapex,primary,merciless,Regulation M-A,
748,"",Toxapex,secondary,limber,Regulation M-A,
750,"",Mudsdale,hidden,inner-focus,Regulation M-A,
750,"",Mudsdale,primary,own-tempo,Regulation M-A,
750,"",Mudsdale,secondary,stamina,Regulation M-A,
752,"",Araquanid,hidden,water-absorb,Regulation M-A,
752,"",Araquanid,primary,water-bubble,Regulation M-A,
758,"",Salazzle,hidden,oblivious,Regulation M-A,
758,"",Salazzle,primary,corrosion,Regulation M-A,
763,"",Tsareena,hidden,sweet-veil,Regulation M-A,
763,"",Tsareena,primary,leaf-guard,Regulation M-A,
763,"",Tsareena,secondary,queenly-majesty,Regulation M-A,
765,"",Oranguru,hidden,symbiosis,Regulation M-A,
765,"",Oranguru,primary,inner-focus,Regulation M-A,
765,"",Oranguru,secondary,telepathy,Regulation M-A,
766,"",Passimian,hidden,defiant,Regulation M-A,
766,"",Passimian,primary,receiver,Regulation M-A,
768,"",Golisopod,primary,emergency-exit,Regulation M-C,
768,mega,Golisopod-Mega,primary,tough-claws,Regulation M-C,
778,"",Mimikyu,primary,disguise,Regulation M-A,
778,busted,Mimikyu-Busted,primary,disguise,Regulation M-A,
780,"",Drampa,hidden,cloud-nine,Regulation M-A,
780,"",Drampa,primary,berserk,Regulation M-A,
780,"",Drampa,secondary,sap-sipper,Regulation M-A,
780,mega,Drampa-Mega,primary,berserk,Regulation M-A,
784,"",Kommo-o,hidden,overcoat,Regulation M-A,
784,"",Kommo-o,primary,bulletproof,Regulation M-A,
784,"",Kommo-o,secondary,soundproof,Regulation M-A,
812,"",Rillaboom,hidden,grassy-surge,Regulation M-C,
812,"",Rillaboom,primary,overgrow,Regulation M-C,
815,"",Cinderace,hidden,libero,Regulation M-C,
815,"",Cinderace,primary,blaze,Regulation M-C,
818,"",Inteleon,hidden,sniper,Regulation M-C,
818,"",Inteleon,primary,torrent,Regulation M-C,
823,"",Corviknight,hidden,mirror-armor,Regulation M-A,
823,"",Corviknight,primary,pressure,Regulation M-A,
823,"",Corviknight,secondary,unnerve,Regulation M-A,
828,"",Thievul,hidden,stakeout,Regulation M-C,
828,"",Thievul,primary,run-away,Regulation M-C,
828,"",Thievul,secondary,unburden,Regulation M-C,
841,"",Flapple,hidden,hustle,Regulation M-A,
841,"",Flapple,primary,ripen,Regulation M-A,
841,"",Flapple,secondary,gluttony,Regulation M-A,
842,"",Appletun,hidden,thick-fat,Regulation M-A,
842,"",Appletun,primary,ripen,Regulation M-A,
842,"",Appletun,secondary,gluttony,Regulation M-A,
844,"",Sandaconda,hidden,sand-veil,Regulation M-A,
844,"",Sandaconda,primary,sand-spit,Regulation M-A,
844,"",Sandaconda,secondary,shed-skin,Regulation M-A,
849,"",Toxtricity,hidden,technician,Regulation M-C,
849,"",Toxtricity,primary,punk-rock,Regulation M-C,
849,"",Toxtricity,secondary,plus,Regulation M-C,
849,low-key,Toxtricity-Low-Key,hidden,technician,Regulation M-C,
849,low-key,Toxtricity-Low-Key,primary,punk-rock,Regulation M-C,
849,low-key,Toxtricity-Low-Key,secondary,minus,Regulation M-C,
853,"",Grapploct,hidden,technician,Regulation M-C,
853,"",Grapploct,primary,limber,Regulation M-C,
855,"",Polteageist,hidden,cursed-body,Regulation M-A,
855,"",Polteageist,primary,weak-armor,Regulation M-A,
855,antique,Polteageist-Antique,hidden,cursed-body,Regulation M-A,
855,antique,Polteageist-Antique,primary,weak-armor,Regulation M-A,
858,"",Hatterene,hidden,magic-bounce,Regulation M-A,
858,"",Hatterene,primary,healer,Regulation M-A,
858,"",Hatterene,secondary,anticipation,Regulation M-A,
861,"",Grimmsnarl,hidden,pickpocket,Regulation M-B,
861,"",Grimmsnarl,primary,prankster,Regulation M-B,
861,"",Grimmsnarl,secondary,frisk,Regulation M-B,
863,"",Perrserker,hidden,steely-spirit,Regulation M-C,
863,"",Perrserker,primary,battle-armor,Regulation M-C,
863,"",Perrserker,secondary,tough-claws,Regulation M-C,
865,"",Sirfetch’d,hidden,scrappy,Regulation M-C,
865,"",Sirfetch’d,primary,steadfast,Regulation M-C,
866,"",Mr. Rime,hidden,ice-body,Regulation M-A,
866,"",Mr. Rime,primary,tangled-feet,Regulation M-A,
866,"",Mr. Rime,secondary,screen-cleaner,Regulation M-A,
867,"",Runerigus,primary,wandering-spirit,Regulation M-A,
869,"",Alcremie,hidden,aroma-veil,Regulation M-A,
869,"",Alcremie,primary,sweet-veil,Regulation M-A,
869,caramel-swirl,Alcremie-Caramel-Swirl,hidden,aroma-veil,Regulation M-A,
869,caramel-swirl,Alcremie-Caramel-Swirl,primary,sweet-veil,Regulation M-A,
869,lemon-cream,Alcremie-Lemon-Cream,hidden,aroma-veil,Regulation M-A,
869,lemon-cream,Alcremie-Lemon-Cream,primary,sweet-veil,Regulation M-A,
869,matcha-cream,Alcremie-Matcha-Cream,hidden,aroma-veil,Regulation M-A,
869,matcha-cream,Alcremie-Matcha-Cream,primary,sweet-veil,Regulation M-A,
869,mint-cream,Alcremie-Mint-Cream,hidden,aroma-veil,Regulation M-A,
869,mint-cream,Alcremie-Mint-Cream,primary,sweet-veil,Regulation M-A,
869,rainbow-swirl,Alcremie-Rainbow-Swirl,hidden,aroma-veil,Regulation M-A,
869,rainbow-swirl,Alcremie-Rainbow-Swirl,primary,sweet-veil,Regulation M-A,
869,ruby-cream,Alcremie-Ruby-Cream,hidden,aroma-veil,Regulation M-A,
869,ruby-cream,Alcremie-Ruby-Cream,primary,sweet-veil,Regulation M-A,
869,ruby-swirl,Alcremie-Ruby-Swirl,hidden,aroma-veil,Regulation M-A,
869,ruby-swirl,Alcremie-Ruby-Swirl,primary,sweet-veil,Regulation M-A,
870,"",Falinks,hidden,defiant,Regulation M-B,
870,"",Falinks,primary,battle-armor,Regulation M-B,
870,mega,Falinks-Mega,primary,defiant,Regulation M-B,
871,"",Pincurchin,hidden,electric-surge,Regulation M-C,
871,"",Pincurchin,primary,lightning-rod,Regulation M-C,
876,"",Indeedee,hidden,psychic-surge,Regulation M-C,
876,"",Indeedee,primary,inner-focus,Regulation M-C,
876,"",Indeedee,secondary,synchronize,Regulation M-C,
876,f,Indeedee-F,hidden,psychic-surge,Regulation M-C,
876,f,Indeedee-F,primary,own-tempo,Regulation M-C,
876,f,Indeedee-F,secondary,synchronize,Regulation M-C,
877,"",Morpeko,primary,hunger-switch,Regulation M-A,
877,hangry,Morpeko-Hangry,primary,hunger-switch,Regulation M-A,
887,"",Dragapult,hidden,cursed-body,Regulation M-A,
887,"",Dragapult,primary,clear-body,Regulation M-A,
887,"",Dragapult,secondary,infiltrator,Regulation M-A,
899,"",Wyrdeer,hidden,sap-sipper,Regulation M-A,
899,"",Wyrdeer,primary,intimidate,Regulation M-A,
899,"",Wyrdeer,secondary,frisk,Regulation M-A,
900,"",Kleavor,hidden,sharpness,Regulation M-A,
900,"",Kleavor,primary,swarm,Regulation M-A,
900,"",Kleavor,secondary,sheer-force,Regulation M-A,
902,"",Basculegion,hidden,mold-breaker,Regulation M-A,
902,"",Basculegion,primary,swift-swim,Regulation M-A,
902,"",Basculegion,secondary,adaptability,Regulation M-A,
902,f,Basculegion-F,hidden,mold-breaker,Regulation M-A,
902,f,Basculegion-F,primary,swift-swim,Regulation M-A,
902,f,Basculegion-F,secondary,adaptability,Regulation M-A,
903,"",Sneasler,hidden,poison-touch,Regulation M-A,
903,"",Sneasler,primary,pressure,Regulation M-A,
903,"",Sneasler,secondary,unburden,Regulation M-A,
904,"",Overqwil,hidden,intimidate,Regulation M-B,
904,"",Overqwil,primary,poison-point,Regulation M-B,
904,"",Overqwil,secondary,swift-swim,Regulation M-B,
908,"",Meowscarada,hidden,protean,Regulation M-A,
908,"",Meowscarada,primary,overgrow,Regulation M-A,
911,"",Skeledirge,hidden,unaware,Regulation M-A,
911,"",Skeledirge,primary,blaze,Regulation M-A,
914,"",Quaquaval,hidden,moxie,Regulation M-A,
914,"",Quaquaval,primary,torrent,Regulation M-A,
923,"",Pawmot,hidden,iron-fist,Regulation M-C,
923,"",Pawmot,primary,volt-absorb,Regulation M-C,
923,"",Pawmot,secondary,natural-cure,Regulation M-C,
925,"",Maushold,hidden,technician,Regulation M-A,
925,"",Maushold,primary,friend-guard,Regulation M-A,
925,"",Maushold,secondary,cheek-pouch,Regulation M-A,
925,four,Maushold-Four,hidden,technician,Regulation M-A,
925,four,Maushold-Four,primary,friend-guard,Regulation M-A,
925,four,Maushold-Four,secondary,cheek-pouch,Regulation M-A,
930,"",Arboliva,hidden,harvest,Regulation M-C,
930,"",Arboliva,primary,seed-sower,Regulation M-C,
931,"",Squawkabilly,hidden,guts,Regulation M-C,
931,"",Squawkabilly,primary,intimidate,Regulation M-C,
931,"",Squawkabilly,secondary,hustle,Regulation M-C,
931,blue,Squawkabilly-Blue,hidden,guts,Regulation M-C,
931,blue,Squawkabilly-Blue,primary,intimidate,Regulation M-C,
931,blue,Squawkabilly-Blue,secondary,hustle,Regulation M-C,
931,white,Squawkabilly-White,hidden,sheer-force,Regulation M-C,
931,white,Squawkabilly-White,primary,intimidate,Regulation M-C,
931,white,Squawkabilly-White,secondary,hustle,Regulation M-C,
931,yellow,Squawkabilly-Yellow,hidden,sheer-force,Regulation M-C,
931,yellow,Squawkabilly-Yellow,primary,intimidate,Regulation M-C,
931,yellow,Squawkabilly-Yellow,secondary,hustle,Regulation M-C,
934,"",Garganacl,hidden,clear-body,Regulation M-A,
934,"",Garganacl,primary,purifying-salt,Regulation M-A,
934,"",Garganacl,secondary,sturdy,Regulation M-A,
936,"",Armarouge,hidden,weak-armor,Regulation M-A,
936,"",Armarouge,primary,flash-fire,Regulation M-A,
937,"",Ceruledge,hidden,weak-armor,Regulation M-A,
937,"",Ceruledge,primary,flash-fire,Regulation M-A,
939,"",Bellibolt,hidden,damp,Regulation M-A,
939,"",Bellibolt,primary,electromorphosis,Regulation M-A,
939,"",Bellibolt,secondary,static,Regulation M-A,
943,"",Mabosstiff,hidden,stakeout,Regulation M-C,
943,"",Mabosstiff,primary,intimidate,Regulation M-C,
943,"",Mabosstiff,secondary,guard-dog,Regulation M-C,
952,"",Scovillain,hidden,moody,Regulation M-A,
952,"",Scovillain,primary,chlorophyll,Regulation M-A,
952,"",Scovillain,secondary,insomnia,Regulation M-A,
952,mega,Scovillain-Mega,primary,spicy-spray,Regulation M-A,
956,"",Espathra,hidden,speed-boost,Regulation M-A,
956,"",Espathra,primary,opportunist,Regulation M-A,
956,"",Espathra,secondary,frisk,Regulation M-A,
959,"",Tinkaton,hidden,pickpocket,Regulation M-A,
959,"",Tinkaton,primary,mold-breaker,Regulation M-A,
959,"",Tinkaton,secondary,own-tempo,Regulation M-A,
964,"",Palafin,primary,zero-to-hero,Regulation M-A,
964,hero,Palafin-Hero,primary,zero-to-hero,Regulation M-A,
968,"",Orthworm,hidden,sand-veil,Regulation M-A,
968,"",Orthworm,primary,earth-eater,Regulation M-A,
970,"",Glimmora,hidden,corrosion,Regulation M-A,
970,"",Glimmora,primary,toxic-debris,Regulation M-A,
970,mega,Glimmora-Mega,primary,adaptability,Regulation M-A,
972,"",Houndstone,hidden,fluffy,Regulation M-B,
972,"",Houndstone,primary,sand-rush,Regulation M-B,
979,"",Annihilape,hidden,defiant,Regulation M-B,
979,"",Annihilape,primary,vital-spirit,Regulation M-B,
979,"",Annihilape,secondary,inner-focus,Regulation M-B,
981,"",Farigiraf,hidden,sap-sipper,Regulation M-A,
981,"",Farigiraf,primary,cud-chew,Regulation M-A,
981,"",Farigiraf,secondary,armor-tail,Regulation M-A,
983,"",Kingambit,hidden,pressure,Regulation M-A,
983,"",Kingambit,primary,defiant,Regulation M-A,
983,"",Kingambit,secondary,supreme-overlord,Regulation M-A,
998,"",Baxcalibur,hidden,ice-body,Regulation M-C,
998,"",Baxcalibur,primary,thermal-exchange,Regulation M-C,
998,mega,Baxcalibur-Mega,primary,thermal-exchange,Regulation M-C,
1000,"",Gholdengo,primary,good-as-gold,Regulation M-B,
1013,"",Sinistcha,hidden,heatproof,Regulation M-A,
1013,"",Sinistcha,primary,hospitality,Regulation M-A,
1013,masterpiece,Sinistcha-Masterpiece,hidden,heatproof,Regulation M-A,
1013,masterpiece,Sinistcha-Masterpiece,primary,hospitality,Regulation M-A,
1018,"",Archaludon,hidden,stalwart,Regulation M-A,
1018,"",Archaludon,primary,stamina,Regulation M-A,
1018,"",Archaludon,secondary,sturdy,Regulation M-A,
1019,"",Hydrapple,hidden,sticky-hold,Regulation M-A,
1019,"",Hydrapple,primary,supersweet-syrup,Regulation M-A,
1019,"",Hydrapple,secondary,regenerator,Regulation M-A,
