national_dex_no,form_slug,name,genus,height_dm,weight_hg
3,"",Venusaur,,20,1000
3,mega,Venusaur-Mega,,24,1555
6,"",Charizard,,17,905
6,mega-x,Charizard-Mega-X,,17,1105
6,mega-y,Charizard-Mega-Y,,17,1005
9,"",Blastoise,,16,855
9,mega,Blastoise-Mega,,16,1011
15,"",Beedrill,,10,295
15,mega,Beedrill-Mega,,14,405
18,"",Pidgeot,,15,395
18,mega,Pidgeot-Mega,,22,505
24,"",Arbok,,35,650
25,"",Pikachu,,4,60
26,"",Raichu,,8,300
26,alola,Raichu-Alola,,7,210
26,mega-x,Raichu-Mega-X,,12,380
26,mega-y,Raichu-Mega-Y,,10,260
36,"",Clefable,,13,400
36,mega,Clefable-Mega,,17,423
38,"",Ninetales,,11,199
38,alola,Ninetales-Alola,,11,199
40,"",Wigglytuff,,10,120
45,"",Vileplume,,12,186
53,"",Persian,,10,320
53,alola,Persian-Alola,,11,330
59,"",Arcanine,,19,1550
59,hisui,Arcanine-Hisui,,20,1680
65,"",Alakazam,,15,480
65,mega,Alakazam-Mega,,12,480
68,"",Machamp,,16,1300
71,"",Victreebel,,17,155
71,mega,Victreebel-Mega,,45,1255
80,"",Slowbro,,16,785
80,galar,Slowbro-Galar,,16,705
80,mega,Slowbro-Mega,,20,1200
83,"",Farfetch’d,,8,150
94,"",Gengar,,15,405
94,mega,Gengar-Mega,,14,405
115,"",Kangaskhan,,22,800
115,mega,Kangaskhan-Mega,,22,1000
121,"",Starmie,,11,800
121,mega,Starmie-Mega,,23,800
122,"",Mr. Mime,,13,545
127,"",Pinsir,,15,550
127,mega,Pinsir-Mega,,17,590
128,"",Tauros,,14,884
128,paldea-aqua,Tauros-Paldea-Aqua,,14,1100
128,paldea-blaze,Tauros-Paldea-Blaze,,14,850
128,paldea-combat,Tauros-Paldea-Combat,,14,1150
130,"",Gyarados,,65,2350
130,mega,Gyarados-Mega,,65,3050
132,"",Ditto,,3,40
134,"",Vaporeon,,10,290
135,"",Jolteon,,8,245
136,"",Flareon,,9,250
142,"",Aerodactyl,,18,590
142,mega,Aerodactyl-Mega,,21,790
143,"",Snorlax,,21,4600
149,"",Dragonite,,22,2100
149,mega,Dragonite-Mega,,22,2900
154,"",Meganium,,18,1005
154,mega,Meganium-Mega,,24,2010
157,"",Typhlosion,,17,795
157,hisui,Typhlosion-Hisui,,16,698
160,"",Feraligatr,,23,888
160,mega,Feraligatr-Mega,,23,1088
168,"",Ariados,,11,335
181,"",Ampharos,,14,615
181,mega,Ampharos-Mega,,14,615
184,"",Azumarill,,8,285
186,"",Politoed,,11,339
196,"",Espeon,,9,265
197,"",Umbreon,,10,270
199,"",Slowking,,20,795
199,galar,Slowking-Galar,,18,795
205,"",Forretress,,12,1258
208,"",Steelix,,92,4000
208,mega,Steelix-Mega,,105,7400
211,"",Qwilfish,,5,39
212,"",Scizor,,18,1180
212,mega,Scizor-Mega,,20,1250
214,"",Heracross,,15,540
214,mega,Heracross-Mega,,17,625
227,"",Skarmory,,17,505
227,mega,Skarmory-Mega,,17,404
229,"",Houndoom,,14,350
229,mega,Houndoom-Mega,,19,495
248,"",Tyranitar,,20,2020
248,mega,Tyranitar-Mega,,25,2550
254,"",Sceptile,,17,522
254,mega,Sceptile-Mega,,19,552
257,"",Blaziken,,19,520
257,mega,Blaziken-Mega,,19,520
260,"",Swampert,,15,819
260,mega,Swampert-Mega,,19,1020
279,"",Pelipper,,12,280
282,"",Gardevoir,,16,484
282,mega,Gardevoir-Mega,,16,484
302,"",Sableye,,5,110
302,mega,Sableye-Mega,,5,1610
303,"",Mawile,,6,115
303,mega,Mawile-Mega,,10,235
306,"",Aggron,,21,3600
306,mega,Aggron-Mega,,22,3950
308,"",Medicham,,13,315
308,mega,Medicham-Mega,,13,315
310,"",Manectric,,15,402
310,mega,Manectric-Mega,,18,440
317,"",Swalot,,17,800
319,"",Sharpedo,,18,888
319,mega,Sharpedo-Mega,,25,1303
323,"",Camerupt,,19,2200
323,mega,Camerupt-Mega,,25,3205
324,"",Torkoal,,5,804
334,"",Altaria,,11,206
334,mega,Altaria-Mega,,15,206
350,"",Milotic,,62,1620
351,"",Castform,,3,8
351,rainy,Castform-Rainy,,3,8
351,snowy,Castform-Snowy,,3,8
351,sunny,Castform-Sunny,,3,8
354,"",Banette,,11,125
354,mega,Banette-Mega,,12,130
358,"",Chimecho,,6,10
358,mega,Chimecho-Mega,,12,80
359,"",Absol,,12,470
359,mega,Absol-Mega,,12,490
359,mega-z,Absol-Mega-Z,,12,490
362,"",Glalie,,15,2565
362,mega,Glalie-Mega,,21,3502
373,"",Salamence,,15,1026
373,mega,Salamence-Mega,,18,1126
376,"",Metagross,,16,5500
376,mega,Metagross-Mega,,25,9429
389,"",Torterra,,22,3100
392,"",Infernape,,12,550
395,"",Empoleon,,17,845
398,"",Staraptor,,12,249
398,mega,Staraptor-Mega,,19,500
405,"",Luxray,,14,420
407,"",Roserade,,9,145
409,"",Rampardos,,16,1025
411,"",Bastiodon,,13,1495
428,"",Lopunny,,12,333
428,mega,Lopunny-Mega,,13,283
442,"",Spiritomb,,10,1080
445,"",Garchomp,,19,950
445,mega,Garchomp-Mega,,19,950
445,mega-z,Garchomp-Mega-Z,,19,990
448,"",Lucario,,12,540
448,mega,Lucario-Mega,,13,575
448,mega-z,Lucario-Mega-Z,,13,494
450,"",Hippowdon,,20,3000
454,"",Toxicroak,,13,444
460,"",Abomasnow,,22,1355
460,mega,Abomasnow-Mega,,27,1850
461,"",Weavile,,11,340
464,"",Rhyperior,,24,2828
470,"",Leafeon,,10,255
471,"",Glaceon,,8,259
472,"",Gliscor,,20,425
473,"",Mamoswine,,25,2910
475,"",Gallade,,16,520
475,mega,Gallade-Mega,,16,564
478,"",Froslass,,13,266
478,mega,Froslass-Mega,,26,296
479,"",Rotom,,3,3
479,fan,Rotom-Fan,,3,3
479,frost,Rotom-Frost,,3,3
479,heat,Rotom-Heat,,3,3
479,mow,Rotom-Mow,,3,3
479,wash,Rotom-Wash,,3,3
497,"",Serperior,,33,630
500,"",Emboar,,16,1500
500,mega,Emboar-Mega,,18,1803
503,"",Samurott,,15,946
503,hisui,Samurott-Hisui,,15,582
505,"",Watchog,,11,270
510,"",Liepard,,11,375
512,"",Simisage,,11,305
514,"",Simisear,,10,280
516,"",Simipour,,10,290
518,"",Musharna,,11,605
530,"",Excadrill,,7,404
530,mega,Excadrill-Mega,,9,600
531,"",Audino,,11,310
531,mega,Audino-Mega,,15,320
534,"",Conkeldurr,,14,870
545,"",Scolipede,,25,2005
545,mega,Scolipede-Mega,,32,2305
547,"",Whimsicott,,7,66
553,"",Krookodile,,15,963
560,"",Scrafty,,11,300
560,mega,Scrafty-Mega,,11,310
563,"",Cofagrigus,,17,765
569,"",Garbodor,,19,1073
571,"",Zoroark,,16,811
571,hisui,Zoroark-Hisui,,16,730
579,"",Reuniclus,,10,201
584,"",Vanilluxe,,13,575
587,"",Emolga,,4,50
604,"",Eelektross,,21,805
604,mega,Eelektross-Mega,,30,1800
609,"",Chandelure,,10,343
609,mega,Chandelure-Mega,,25,696
614,"",Beartic,,26,2600
618,"",Stunfisk,,7,110
618,galar,Stunfisk-Galar,,7,205
623,"",Golurk,,28,3300
623,mega,Golurk-Mega,,40,3300
635,"",Hydreigon,,18,1600
637,"",Volcarona,,16,460
652,"",Chesnaught,,16,900
652,mega,Chesnaught-Mega,,16,900
655,"",Delphox,,15,390
655,mega,Delphox-Mega,,15,390
658,"",Greninja,,15,400
658,mega,Greninja-Mega,,15,400
660,"",Diggersby,,10,424
663,"",Talonflame,,12,245
666,"",Vivillon,,12,170
666,archipelago,Vivillon-Archipelago,,12,170
666,continental,Vivillon-Continental,,12,170
666,elegant,Vivillon-Elegant,,12,170
666,fancy,Vivillon-Fancy,,12,170
666,garden,Vivillon-Garden,,12,170
666,high-plains,Vivillon-High Plains,,12,170
666,icy-snow,Vivillon-Icy Snow,,12,170
666,jungle,Vivillon-Jungle,,12,170
666,marine,Vivillon-Marine,,12,170
666,modern,Vivillon-Modern,,12,170
666,monsoon,Vivillon-Monsoon,,12,170
666,ocean,Vivillon-Ocean,,12,170
666,pokeball,Vivillon-Pokeball,,12,170
666,polar,Vivillon-Polar,,12,170
666,river,Vivillon-River,,12,170
666,sandstorm,Vivillon-Sandstorm,,12,170
666,savanna,Vivillon-Savanna,,12,170
666,sun,Vivillon-Sun,,12,170
666,tundra,Vivillon-Tundra,,12,170
668,"",Pyroar,,15,815
668,mega,Pyroar-Mega,,15,933
670,"",Floette,,,
670,eternal,Floette-Eternal,,2,9
670,mega,Floette-Mega,,2,1008
671,"",Florges,,11,100
673,"",Gogoat,,17,910
675,"",Pangoro,,21,1360
676,"",Furfrou,,12,280
678,"",Meowstic,,6,85
678,f,Meowstic-F,,6,85
678,f-mega,Meowstic-F-Mega,,8,101
678,m-mega,Meowstic-M-Mega,,8,101
681,"",Aegislash,,17,530
681,blade,Aegislash-Blade,,17,530
683,"",Aromatisse,,8,155
685,"",Slurpuff,,8,50
687,"",Malamar,,15,470
687,mega,Malamar-Mega,,29,698
689,"",Barbaracle,,13,960
689,mega,Barbaracle-Mega,,22,1000
691,"",Dragalge,,18,815
691,mega,Dragalge-Mega,,21,1003
693,"",Clawitzer,,13,353
695,"",Heliolisk,,10,210
697,"",Tyrantrum,,25,2700
699,"",Aurorus,,27,2250
700,"",Sylveon,,10,235
701,"",Hawlucha,,8,215
701,mega,Hawlucha-Mega,,10,250
702,"",Dedenne,,2,22
706,"",Goodra,,20,1505
706,hisui,Goodra-Hisui,,17,3341
707,"",Klefki,,2,30
709,"",Trevenant,,15,710
711,"",Gourgeist,,9,125
711,large,Gourgeist-Large,,11,140
711,small,Gourgeist-Small,,7,95
711,super,Gourgeist-Super,,17,390
713,"",Avalugg,,20,5050
713,hisui,Avalugg-Hisui,,14,2624
715,"",Noivern,,15,850
724,"",Decidueye,,16,366
724,hisui,Decidueye-Hisui,,16,370
727,"",Incineroar,,18,830
730,"",Primarina,,18,440
733,"",Toucannon,,11,260
740,"",Crabominable,,17,1800
740,mega,Crabominable-Mega,,26,2528
745,"",Lycanroc,,8,250
745,dusk,Lycanroc-Dusk,,8,250
745,midnight,Lycanroc-Midnight,,11,250
748,"",Toxapex,,7,145
750,"",Mudsdale,,25,9200
752,"",Araquanid,,18,820
758,"",Salazzle,,12,222
763,"",Tsareena,,12,214
765,"",Oranguru,,15,760
766,"",Passimian,,20,828
768,"",Golisopod,,20,1080
768,mega,Golisopod-Mega,,23,1480
778,"",Mimikyu,,2,7
778,busted,Mimikyu-Busted,,2,7
780,"",Drampa,,30,1850
780,mega,Drampa-Mega,,30,2405
784,"",Kommo-o,,16,782
812,"",Rillaboom,,21,900
815,"",Cinderace,,14,330
818,"",Inteleon,,19,452
823,"",Corviknight,,22,750
828,"",Thievul,,12,199
841,"",Flapple,,3,10
842,"",Appletun,,4,130
844,"",Sandaconda,,38,655
849,"",Toxtricity,,16,400
849,low-key,Toxtricity-Low-Key,,16,400
853,"",Grapploct,,16,390
855,"",Polteageist,,2,4
855,antique,Polteageist-Antique,,2,4
858,"",Hatterene,,21,51
861,"",Grimmsnarl,,15,610
863,"",Perrserker,,8,280
865,"",Sirfetch’d,,8,1170
866,"",Mr. Rime,,15,582
867,"",Runerigus,,16,666
869,"",Alcremie,,3,5
869,caramel-swirl,Alcremie-Caramel-Swirl,,3,5
869,lemon-cream,Alcremie-Lemon-Cream,,3,5
869,matcha-cream,Alcremie-Matcha-Cream,,3,5
869,mint-cream,Alcremie-Mint-Cream,,3,5
869,rainbow-swirl,Alcremie-Rainbow-Swirl,,3,5
869,ruby-cream,Alcremie-Ruby-Cream,,3,5
869,ruby-swirl,Alcremie-Ruby-Swirl,,3,5
870,"",Falinks,,30,620
870,mega,Falinks-Mega,,16,990
871,"",Pincurchin,,3,10
876,"",Indeedee,,9,280
876,f,Indeedee-F,,9,280
877,"",Morpeko,,3,30
877,hangry,Morpeko-Hangry,,3,30
887,"",Dragapult,,30,500
899,"",Wyrdeer,,18,951
900,"",Kleavor,,18,890
902,"",Basculegion,,30,1100
902,f,Basculegion-F,,30,1100
903,"",Sneasler,,13,430
904,"",Overqwil,,25,605
908,"",Meowscarada,,15,312
911,"",Skeledirge,,16,3265
914,"",Quaquaval,,18,619
923,"",Pawmot,,9,410
925,"",Maushold,,3,23
925,four,Maushold-Four,,3,28
930,"",Arboliva,,14,482
931,"",Squawkabilly,,6,24
931,blue,Squawkabilly-Blue,,6,24
931,white,Squawkabilly-White,,6,24
931,yellow,Squawkabilly-Yellow,,6,24
934,"",Garganacl,,23,2400
936,"",Armarouge,,15,850
937,"",Ceruledge,,16,620
939,"",Bellibolt,,12,1130
943,"",Mabosstiff,,11,610
952,"",Scovillain,,9,150
952,mega,Scovillain-Mega,,12,220
956,"",Espathra,,19,900
959,"",Tinkaton,,7,1128
964,"",Palafin,,13,602
964,hero,Palafin-Hero,,18,974
968,"",Orthworm,,25,3100
970,"",Glimmora,,15,450
970,mega,Glimmora-Mega,,28,770
972,"",Houndstone,,20,150
979,"",Annihilape,,12,560
981,"",Farigiraf,,32,1600
983,"",Kingambit,,20,1200
998,"",Baxcalibur,,21,2100
998,mega,Baxcalibur-Mega,,21,3150
1000,"",Gholdengo,,12,300
1013,"",Sinistcha,,2,22
1013,masterpiece,Sinistcha-Masterpiece,,2,22
1018,"",Archaludon,,20,600
1019,"",Hydrapple,,18,930
