national_dex_no,form_slug,pokemon_name,slot,type,valid_from,valid_to
3,"",Venusaur,1,grass,Regulation M-A,
3,"",Venusaur,2,poison,Regulation M-A,
3,mega,Venusaur-Mega,1,grass,Regulation M-A,
3,mega,Venusaur-Mega,2,poison,Regulation M-A,
6,"",Charizard,1,fire,Regulation M-A,
6,"",Charizard,2,flying,Regulation M-A,
6,mega-x,Charizard-Mega-X,1,fire,Regulation M-A,
6,mega-x,Charizard-Mega-X,2,dragon,Regulation M-A,
6,mega-y,Charizard-Mega-Y,1,fire,Regulation M-A,
6,mega-y,Charizard-Mega-Y,2,flying,Regulation M-A,
9,"",Blastoise,1,water,Regulation M-A,
9,mega,Blastoise-Mega,1,water,Regulation M-A,
15,"",Beedrill,1,bug,Regulation M-A,
15,"",Beedrill,2,poison,Regulation M-A,
15,mega,Beedrill-Mega,1,bug,Regulation M-A,
15,mega,Beedrill-Mega,2,poison,Regulation M-A,
18,"",Pidgeot,1,normal,Regulation M-A,
18,"",Pidgeot,2,flying,Regulation M-A,
18,mega,Pidgeot-Mega,1,normal,Regulation M-A,
18,mega,Pidgeot-Mega,2,flying,Regulation M-A,
24,"",Arbok,1,poison,Regulation M-A,
25,"",Pikachu,1,electric,Regulation M-A,
26,"",Raichu,1,electric,Regulation M-A,
26,alola,Raichu-Alola,1,electric,Regulation M-A,
26,alola,Raichu-Alola,2,psychic,Regulation M-A,
26,mega-x,Raichu-Mega-X,1,electric,Regulation M-B,
26,mega-y,Raichu-Mega-Y,1,electric,Regulation M-B,
36,"",Clefable,1,fairy,Regulation M-A,
36,mega,Clefable-Mega,1,fairy,Regulation M-A,
36,mega,Clefable-Mega,2,flying,Regulation M-A,
38,"",Ninetales,1,fire,Regulation M-A,
38,alola,Ninetales-Alola,1,ice,Regulation M-A,
38,alola,Ninetales-Alola,2,fairy,Regulation M-A,
45,"",Vileplume,1,grass,Regulation M-B,
45,"",Vileplume,2,poison,Regulation M-B,
59,"",Arcanine,1,fire,Regulation M-A,
59,hisui,Arcanine-Hisui,1,fire,Regulation M-A,
59,hisui,Arcanine-Hisui,2,rock,Regulation M-A,
65,"",Alakazam,1,psychic,Regulation M-A,
65,mega,Alakazam-Mega,1,psychic,Regulation M-A,
68,"",Machamp,1,fighting,Regulation M-A,
71,"",Victreebel,1,grass,Regulation M-A,
71,"",Victreebel,2,poison,Regulation M-A,
71,mega,Victreebel-Mega,1,grass,Regulation M-A,
71,mega,Victreebel-Mega,2,poison,Regulation M-A,
80,"",Slowbro,1,water,Regulation M-A,
80,"",Slowbro,2,psychic,Regulation M-A,
80,galar,Slowbro-Galar,1,poison,Regulation M-A,
80,galar,Slowbro-Galar,2,psychic,Regulation M-A,
80,mega,Slowbro-Mega,1,water,Regulation M-A,
80,mega,Slowbro-Mega,2,psychic,Regulation M-A,
94,"",Gengar,1,ghost,Regulation M-A,
94,"",Gengar,2,poison,Regulation M-A,
94,mega,Gengar-Mega,1,ghost,Regulation M-A,
94,mega,Gengar-Mega,2,poison,Regulation M-A,
115,"",Kangaskhan,1,normal,Regulation M-A,
115,mega,Kangaskhan-Mega,1,normal,Regulation M-A,
121,"",Starmie,1,water,Regulation M-A,
121,"",Starmie,2,psychic,Regulation M-A,
121,mega,Starmie-Mega,1,water,Regulation M-A,
121,mega,Starmie-Mega,2,psychic,Regulation M-A,
127,"",Pinsir,1,bug,Regulation M-A,
127,mega,Pinsir-Mega,1,bug,Regulation M-A,
127,mega,Pinsir-Mega,2,flying,Regulation M-A,
128,"",Tauros,1,normal,Regulation M-A,
128,paldea-aqua,Tauros-Paldea-Aqua,1,fighting,Regulation M-A,
128,paldea-aqua,Tauros-Paldea-Aqua,2,water,Regulation M-A,
128,paldea-blaze,Tauros-Paldea-Blaze,1,fighting,Regulation M-A,
128,paldea-blaze,Tauros-Paldea-Blaze,2,fire,Regulation M-A,
128,paldea-combat,Tauros-Paldea-Combat,1,fighting,Regulation M-A,
130,"",Gyarados,1,water,Regulation M-A,
130,"",Gyarados,2,flying,Regulation M-A,
130,mega,Gyarados-Mega,1,water,Regulation M-A,
130,mega,Gyarados-Mega,2,dark,Regulation M-A,
132,"",Ditto,1,normal,Regulation M-A,
134,"",Vaporeon,1,water,Regulation M-A,
135,"",Jolteon,1,electric,Regulation M-A,
136,"",Flareon,1,fire,Regulation M-A,
142,"",Aerodactyl,1,rock,Regulation M-A,
142,"",Aerodactyl,2,flying,Regulation M-A,
142,mega,Aerodactyl-Mega,1,rock,Regulation M-A,
142,mega,Aerodactyl-Mega,2,flying,Regulation M-A,
143,"",Snorlax,1,normal,Regulation M-A,
149,"",Dragonite,1,dragon,Regulation M-A,
149,"",Dragonite,2,flying,Regulation M-A,
149,mega,Dragonite-Mega,1,dragon,Regulation M-A,
149,mega,Dragonite-Mega,2,flying,Regulation M-A,
154,"",Meganium,1,grass,Regulation M-A,
154,mega,Meganium-Mega,1,grass,Regulation M-A,
154,mega,Meganium-Mega,2,fairy,Regulation M-A,
157,"",Typhlosion,1,fire,Regulation M-A,
157,hisui,Typhlosion-Hisui,1,fire,Regulation M-A,
157,hisui,Typhlosion-Hisui,2,ghost,Regulation M-A,
160,"",Feraligatr,1,water,Regulation M-A,
160,mega,Feraligatr-Mega,1,water,Regulation M-A,
160,mega,Feraligatr-Mega,2,dragon,Regulation M-A,
168,"",Ariados,1,bug,Regulation M-A,
168,"",Ariados,2,poison,Regulation M-A,
181,"",Ampharos,1,electric,Regulation M-A,
181,mega,Ampharos-Mega,1,electric,Regulation M-A,
181,mega,Ampharos-Mega,2,dragon,Regulation M-A,
184,"",Azumarill,1,water,Regulation M-A,
184,"",Azumarill,2,fairy,Regulation M-A,
186,"",Politoed,1,water,Regulation M-A,
196,"",Espeon,1,psychic,Regulation M-A,
197,"",Umbreon,1,dark,Regulation M-A,
199,"",Slowking,1,water,Regulation M-A,
199,"",Slowking,2,psychic,Regulation M-A,
199,galar,Slowking-Galar,1,poison,Regulation M-A,
199,galar,Slowking-Galar,2,psychic,Regulation M-A,
205,"",Forretress,1,bug,Regulation M-A,
205,"",Forretress,2,steel,Regulation M-A,
208,"",Steelix,1,steel,Regulation M-A,
208,"",Steelix,2,ground,Regulation M-A,
208,mega,Steelix-Mega,1,steel,Regulation M-A,
208,mega,Steelix-Mega,2,ground,Regulation M-A,
211,"",Qwilfish,1,water,Regulation M-B,
211,"",Qwilfish,2,poison,Regulation M-B,
212,"",Scizor,1,bug,Regulation M-A,
212,"",Scizor,2,steel,Regulation M-A,
212,mega,Scizor-Mega,1,bug,Regulation M-A,
212,mega,Scizor-Mega,2,steel,Regulation M-A,
214,"",Heracross,1,bug,Regulation M-A,
214,"",Heracross,2,fighting,Regulation M-A,
214,mega,Heracross-Mega,1,bug,Regulation M-A,
214,mega,Heracross-Mega,2,fighting,Regulation M-A,
227,"",Skarmory,1,steel,Regulation M-A,
227,"",Skarmory,2,flying,Regulation M-A,
227,mega,Skarmory-Mega,1,steel,Regulation M-A,
227,mega,Skarmory-Mega,2,flying,Regulation M-A,
229,"",Houndoom,1,dark,Regulation M-A,
229,"",Houndoom,2,fire,Regulation M-A,
229,mega,Houndoom-Mega,1,dark,Regulation M-A,
229,mega,Houndoom-Mega,2,fire,Regulation M-A,
248,"",Tyranitar,1,rock,Regulation M-A,
248,"",Tyranitar,2,dark,Regulation M-A,
248,mega,Tyranitar-Mega,1,rock,Regulation M-A,
248,mega,Tyranitar-Mega,2,dark,Regulation M-A,
254,"",Sceptile,1,grass,Regulation M-B,
254,mega,Sceptile-Mega,1,grass,Regulation M-B,
254,mega,Sceptile-Mega,2,dragon,Regulation M-B,
257,"",Blaziken,1,fire,Regulation M-B,
257,"",Blaziken,2,fighting,Regulation M-B,
257,mega,Blaziken-Mega,1,fire,Regulation M-B,
257,mega,Blaziken-Mega,2,fighting,Regulation M-B,
260,"",Swampert,1,water,Regulation M-B,
260,"",Swampert,2,ground,Regulation M-B,
260,mega,Swampert-Mega,1,water,Regulation M-B,
260,mega,Swampert-Mega,2,ground,Regulation M-B,
279,"",Pelipper,1,water,Regulation M-A,
279,"",Pelipper,2,flying,Regulation M-A,
282,"",Gardevoir,1,psychic,Regulation M-A,
282,"",Gardevoir,2,fairy,Regulation M-A,
282,mega,Gardevoir-Mega,1,psychic,Regulation M-A,
282,mega,Gardevoir-Mega,2,fairy,Regulation M-A,
302,"",Sableye,1,dark,Regulation M-A,
302,"",Sableye,2,ghost,Regulation M-A,
302,mega,Sableye-Mega,1,dark,Regulation M-A,
302,mega,Sableye-Mega,2,ghost,Regulation M-A,
303,"",Mawile,1,steel,Regulation M-B,
303,"",Mawile,2,fairy,Regulation M-B,
303,mega,Mawile-Mega,1,steel,Regulation M-B,
303,mega,Mawile-Mega,2,fairy,Regulation M-B,
306,"",Aggron,1,steel,Regulation M-A,
306,"",Aggron,2,rock,Regulation M-A,
306,mega,Aggron-Mega,1,steel,Regulation M-A,
308,"",Medicham,1,fighting,Regulation M-A,
308,"",Medicham,2,psychic,Regulation M-A,
308,mega,Medicham-Mega,1,fighting,Regulation M-A,
308,mega,Medicham-Mega,2,psychic,Regulation M-A,
310,"",Manectric,1,electric,Regulation M-A,
310,mega,Manectric-Mega,1,electric,Regulation M-A,
319,"",Sharpedo,1,water,Regulation M-A,
319,"",Sharpedo,2,dark,Regulation M-A,
319,mega,Sharpedo-Mega,1,water,Regulation M-A,
319,mega,Sharpedo-Mega,2,dark,Regulation M-A,
323,"",Camerupt,1,fire,Regulation M-A,
323,"",Camerupt,2,ground,Regulation M-A,
323,mega,Camerupt-Mega,1,fire,Regulation M-A,
323,mega,Camerupt-Mega,2,ground,Regulation M-A,
324,"",Torkoal,1,fire,Regulation M-A,
334,"",Altaria,1,dragon,Regulation M-A,
334,"",Altaria,2,flying,Regulation M-A,
334,mega,Altaria-Mega,1,dragon,Regulation M-A,
334,mega,Altaria-Mega,2,fairy,Regulation M-A,
350,"",Milotic,1,water,Regulation M-A,
351,"",Castform,1,normal,Regulation M-A,
351,rainy,Castform-Rainy,1,water,Regulation M-A,
351,snowy,Castform-Snowy,1,ice,Regulation M-A,
351,sunny,Castform-Sunny,1,fire,Regulation M-A,
354,"",Banette,1,ghost,Regulation M-A,
354,mega,Banette-Mega,1,ghost,Regulation M-A,
358,"",Chimecho,1,psychic,Regulation M-A,
358,mega,Chimecho-Mega,1,psychic,Regulation M-A,
358,mega,Chimecho-Mega,2,steel,Regulation M-A,
359,"",Absol,1,dark,Regulation M-A,
359,mega,Absol-Mega,1,dark,Regulation M-A,
362,"",Glalie,1,ice,Regulation M-A,
362,mega,Glalie-Mega,1,ice,Regulation M-A,
376,"",Metagross,1,steel,Regulation M-B,
376,"",Metagross,2,psychic,Regulation M-B,
376,mega,Metagross-Mega,1,steel,Regulation M-B,
376,mega,Metagross-Mega,2,psychic,Regulation M-B,
389,"",Torterra,1,grass,Regulation M-A,
389,"",Torterra,2,ground,Regulation M-A,
392,"",Infernape,1,fire,Regulation M-A,
392,"",Infernape,2,fighting,Regulation M-A,
395,"",Empoleon,1,water,Regulation M-A,
395,"",Empoleon,2,steel,Regulation M-A,
398,"",Staraptor,1,normal,Regulation M-B,
398,"",Staraptor,2,flying,Regulation M-B,
398,mega,Staraptor-Mega,1,fighting,Regulation M-B,
398,mega,Staraptor-Mega,2,flying,Regulation M-B,
405,"",Luxray,1,electric,Regulation M-A,
407,"",Roserade,1,grass,Regulation M-A,
407,"",Roserade,2,poison,Regulation M-A,
409,"",Rampardos,1,rock,Regulation M-A,
411,"",Bastiodon,1,rock,Regulation M-A,
411,"",Bastiodon,2,steel,Regulation M-A,
428,"",Lopunny,1,normal,Regulation M-A,
428,mega,Lopunny-Mega,1,normal,Regulation M-A,
428,mega,Lopunny-Mega,2,fighting,Regulation M-A,
442,"",Spiritomb,1,ghost,Regulation M-A,
442,"",Spiritomb,2,dark,Regulation M-A,
445,"",Garchomp,1,dragon,Regulation M-A,
445,"",Garchomp,2,ground,Regulation M-A,
445,mega,Garchomp-Mega,1,dragon,Regulation M-A,
445,mega,Garchomp-Mega,2,ground,Regulation M-A,
448,"",Lucario,1,fighting,Regulation M-A,
448,"",Lucario,2,steel,Regulation M-A,
448,mega,Lucario-Mega,1,fighting,Regulation M-A,
448,mega,Lucario-Mega,2,steel,Regulation M-A,
450,"",Hippowdon,1,ground,Regulation M-A,
454,"",Toxicroak,1,poison,Regulation M-A,
454,"",Toxicroak,2,fighting,Regulation M-A,
460,"",Abomasnow,1,grass,Regulation M-A,
460,"",Abomasnow,2,ice,Regulation M-A,
460,mega,Abomasnow-Mega,1,grass,Regulation M-A,
460,mega,Abomasnow-Mega,2,ice,Regulation M-A,
461,"",Weavile,1,dark,Regulation M-A,
461,"",Weavile,2,ice,Regulation M-A,
464,"",Rhyperior,1,ground,Regulation M-A,
464,"",Rhyperior,2,rock,Regulation M-A,
470,"",Leafeon,1,grass,Regulation M-A,
471,"",Glaceon,1,ice,Regulation M-A,
472,"",Gliscor,1,ground,Regulation M-A,
472,"",Gliscor,2,flying,Regulation M-A,
473,"",Mamoswine,1,ice,Regulation M-A,
473,"",Mamoswine,2,ground,Regulation M-A,
475,"",Gallade,1,psychic,Regulation M-A,
475,"",Gallade,2,fighting,Regulation M-A,
475,mega,Gallade-Mega,1,psychic,Regulation M-A,
475,mega,Gallade-Mega,2,fighting,Regulation M-A,
478,"",Froslass,1,ice,Regulation M-A,
478,"",Froslass,2,ghost,Regulation M-A,
478,mega,Froslass-Mega,1,ice,Regulation M-A,
478,mega,Froslass-Mega,2,ghost,Regulation M-A,
479,"",Rotom,1,electric,Regulation M-A,
479,"",Rotom,2,ghost,Regulation M-A,
479,fan,Rotom-Fan,1,electric,Regulation M-A,
479,fan,Rotom-Fan,2,flying,Regulation M-A,
479,frost,Rotom-Frost,1,electric,Regulation M-A,
479,frost,Rotom-Frost,2,ice,Regulation M-A,
479,heat,Rotom-Heat,1,electric,Regulation M-A,
479,heat,Rotom-Heat,2,fire,Regulation M-A,
479,mow,Rotom-Mow,1,electric,Regulation M-A,
479,mow,Rotom-Mow,2,grass,Regulation M-A,
479,wash,Rotom-Wash,1,electric,Regulation M-A,
479,wash,Rotom-Wash,2,water,Regulation M-A,
497,"",Serperior,1,grass,Regulation M-A,
500,"",Emboar,1,fire,Regulation M-A,
500,"",Emboar,2,fighting,Regulation M-A,
500,mega,Emboar-Mega,1,fire,Regulation M-A,
500,mega,Emboar-Mega,2,fighting,Regulation M-A,
503,"",Samurott,1,water,Regulation M-A,
503,hisui,Samurott-Hisui,1,water,Regulation M-A,
503,hisui,Samurott-Hisui,2,dark,Regulation M-A,
505,"",Watchog,1,normal,Regulation M-A,
510,"",Liepard,1,dark,Regulation M-A,
512,"",Simisage,1,grass,Regulation M-A,
514,"",Simisear,1,fire,Regulation M-A,
516,"",Simipour,1,water,Regulation M-A,
518,"",Musharna,1,psychic,Regulation M-B,
530,"",Excadrill,1,ground,Regulation M-A,
530,"",Excadrill,2,steel,Regulation M-A,
530,mega,Excadrill-Mega,1,ground,Regulation M-A,
530,mega,Excadrill-Mega,2,steel,Regulation M-A,
531,"",Audino,1,normal,Regulation M-A,
531,mega,Audino-Mega,1,normal,Regulation M-A,
531,mega,Audino-Mega,2,fairy,Regulation M-A,
534,"",Conkeldurr,1,fighting,Regulation M-A,
545,"",Scolipede,1,bug,Regulation M-B,
545,"",Scolipede,2,poison,Regulation M-B,
545,mega,Scolipede-Mega,1,bug,Regulation M-B,
545,mega,Scolipede-Mega,2,poison,Regulation M-B,
547,"",Whimsicott,1,grass,Regulation M-A,
547,"",Whimsicott,2,fairy,Regulation M-A,
553,"",Krookodile,1,ground,Regulation M-A,
553,"",Krookodile,2,dark,Regulation M-A,
560,"",Scrafty,1,dark,Regulation M-B,
560,"",Scrafty,2,fighting,Regulation M-B,
560,mega,Scrafty-Mega,1,dark,Regulation M-B,
560,mega,Scrafty-Mega,2,fighting,Regulation M-B,
563,"",Cofagrigus,1,ghost,Regulation M-A,
569,"",Garbodor,1,poison,Regulation M-A,
571,"",Zoroark,1,dark,Regulation M-A,
571,hisui,Zoroark-Hisui,1,normal,Regulation M-A,
571,hisui,Zoroark-Hisui,2,ghost,Regulation M-A,
579,"",Reuniclus,1,psychic,Regulation M-A,
584,"",Vanilluxe,1,ice,Regulation M-A,
587,"",Emolga,1,electric,Regulation M-A,
587,"",Emolga,2,flying,Regulation M-A,
604,"",Eelektross,1,electric,Regulation M-B,
604,mega,Eelektross-Mega,1,electric,Regulation M-B,
609,"",Chandelure,1,ghost,Regulation M-A,
609,"",Chandelure,2,fire,Regulation M-A,
609,mega,Chandelure-Mega,1,ghost,Regulation M-A,
609,mega,Chandelure-Mega,2,fire,Regulation M-A,
614,"",Beartic,1,ice,Regulation M-A,
618,"",Stunfisk,1,ground,Regulation M-A,
618,"",Stunfisk,2,electric,Regulation M-A,
618,galar,Stunfisk-Galar,1,ground,Regulation M-A,
618,galar,Stunfisk-Galar,2,steel,Regulation M-A,
623,"",Golurk,1,ground,Regulation M-A,
623,"",Golurk,2,ghost,Regulation M-A,
623,mega,Golurk-Mega,1,ground,Regulation M-A,
623,mega,Golurk-Mega,2,ghost,Regulation M-A,
635,"",Hydreigon,1,dark,Regulation M-A,
635,"",Hydreigon,2,dragon,Regulation M-A,
637,"",Volcarona,1,bug,Regulation M-A,
637,"",Volcarona,2,fire,Regulation M-A,
652,"",Chesnaught,1,grass,Regulation M-A,
652,"",Chesnaught,2,fighting,Regulation M-A,
652,mega,Chesnaught-Mega,1,grass,Regulation M-A,
652,mega,Chesnaught-Mega,2,fighting,Regulation M-A,
655,"",Delphox,1,fire,Regulation M-A,
655,"",Delphox,2,psychic,Regulation M-A,
655,mega,Delphox-Mega,1,fire,Regulation M-A,
655,mega,Delphox-Mega,2,psychic,Regulation M-A,
658,"",Greninja,1,water,Regulation M-A,
658,"",Greninja,2,dark,Regulation M-A,
658,mega,Greninja-Mega,1,water,Regulation M-A,
658,mega,Greninja-Mega,2,dark,Regulation M-A,
660,"",Diggersby,1,normal,Regulation M-A,
660,"",Diggersby,2,ground,Regulation M-A,
663,"",Talonflame,1,fire,Regulation M-A,
663,"",Talonflame,2,flying,Regulation M-A,
666,"",Vivillon,1,bug,Regulation M-A,
666,"",Vivillon,2,flying,Regulation M-A,
666,archipelago,Vivillon-Archipelago,1,bug,Regulation M-A,
666,archipelago,Vivillon-Archipelago,2,flying,Regulation M-A,
666,continental,Vivillon-Continental,1,bug,Regulation M-A,
666,continental,Vivillon-Continental,2,flying,Regulation M-A,
666,elegant,Vivillon-Elegant,1,bug,Regulation M-A,
666,elegant,Vivillon-Elegant,2,flying,Regulation M-A,
666,fancy,Vivillon-Fancy,1,bug,Regulation M-A,
666,fancy,Vivillon-Fancy,2,flying,Regulation M-A,
666,garden,Vivillon-Garden,1,bug,Regulation M-A,
666,garden,Vivillon-Garden,2,flying,Regulation M-A,
666,high-plains,Vivillon-High Plains,1,bug,Regulation M-A,
666,high-plains,Vivillon-High Plains,2,flying,Regulation M-A,
666,icy-snow,Vivillon-Icy Snow,1,bug,Regulation M-A,
666,icy-snow,Vivillon-Icy Snow,2,flying,Regulation M-A,
666,jungle,Vivillon-Jungle,1,bug,Regulation M-A,
666,jungle,Vivillon-Jungle,2,flying,Regulation M-A,
666,marine,Vivillon-Marine,1,bug,Regulation M-A,
666,marine,Vivillon-Marine,2,flying,Regulation M-A,
666,modern,Vivillon-Modern,1,bug,Regulation M-A,
666,modern,Vivillon-Modern,2,flying,Regulation M-A,
666,monsoon,Vivillon-Monsoon,1,bug,Regulation M-A,
666,monsoon,Vivillon-Monsoon,2,flying,Regulation M-A,
666,ocean,Vivillon-Ocean,1,bug,Regulation M-A,
666,ocean,Vivillon-Ocean,2,flying,Regulation M-A,
666,pokeball,Vivillon-Pokeball,1,bug,Regulation M-A,
666,pokeball,Vivillon-Pokeball,2,flying,Regulation M-A,
666,polar,Vivillon-Polar,1,bug,Regulation M-A,
666,polar,Vivillon-Polar,2,flying,Regulation M-A,
666,river,Vivillon-River,1,bug,Regulation M-A,
666,river,Vivillon-River,2,flying,Regulation M-A,
666,sandstorm,Vivillon-Sandstorm,1,bug,Regulation M-A,
666,sandstorm,Vivillon-Sandstorm,2,flying,Regulation M-A,
666,savanna,Vivillon-Savanna,1,bug,Regulation M-A,
666,savanna,Vivillon-Savanna,2,flying,Regulation M-A,
666,sun,Vivillon-Sun,1,bug,Regulation M-A,
666,sun,Vivillon-Sun,2,flying,Regulation M-A,
666,tundra,Vivillon-Tundra,1,bug,Regulation M-A,
666,tundra,Vivillon-Tundra,2,flying,Regulation M-A,
668,"",Pyroar,1,fire,Regulation M-B,
668,"",Pyroar,2,normal,Regulation M-B,
668,mega,Pyroar-Mega,1,fire,Regulation M-B,
668,mega,Pyroar-Mega,2,normal,Regulation M-B,
670,eternal,Floette-Eternal,1,fairy,Regulation M-A,
670,mega,Floette-Mega,1,fairy,Regulation M-A,
671,"",Florges,1,fairy,Regulation M-A,
675,"",Pangoro,1,fighting,Regulation M-A,
675,"",Pangoro,2,dark,Regulation M-A,
676,"",Furfrou,1,normal,Regulation M-A,
678,"",Meowstic,1,psychic,Regulation M-A,
678,f,Meowstic-F,1,psychic,Regulation M-A,
678,f-mega,Meowstic-F-Mega,1,psychic,Regulation M-A,
678,m-mega,Meowstic-M-Mega,1,psychic,Regulation M-A,
681,"",Aegislash,1,steel,Regulation M-A,
681,"",Aegislash,2,ghost,Regulation M-A,
681,blade,Aegislash-Blade,1,steel,Regulation M-A,
681,blade,Aegislash-Blade,2,ghost,Regulation M-A,
683,"",Aromatisse,1,fairy,Regulation M-A,
685,"",Slurpuff,1,fairy,Regulation M-A,
687,"",Malamar,1,dark,Regulation M-B,
687,"",Malamar,2,psychic,Regulation M-B,
687,mega,Malamar-Mega,1,dark,Regulation M-B,
687,mega,Malamar-Mega,2,psychic,Regulation M-B,
689,"",Barbaracle,1,rock,Regulation M-B,
689,"",Barbaracle,2,water,Regulation M-B,
689,mega,Barbaracle-Mega,1,rock,Regulation M-B,
689,mega,Barbaracle-Mega,2,fighting,Regulation M-B,
691,"",Dragalge,1,poison,Regulation M-B,
691,"",Dragalge,2,dragon,Regulation M-B,
691,mega,Dragalge-Mega,1,poison,Regulation M-B,
691,mega,Dragalge-Mega,2,dragon,Regulation M-B,
693,"",Clawitzer,1,water,Regulation M-A,
695,"",Heliolisk,1,electric,Regulation M-A,
695,"",Heliolisk,2,normal,Regulation M-A,
697,"",Tyrantrum,1,rock,Regulation M-A,
697,"",Tyrantrum,2,dragon,Regulation M-A,
699,"",Aurorus,1,rock,Regulation M-A,
699,"",Aurorus,2,ice,Regulation M-A,
700,"",Sylveon,1,fairy,Regulation M-A,
701,"",Hawlucha,1,fighting,Regulation M-A,
701,"",Hawlucha,2,flying,Regulation M-A,
701,mega,Hawlucha-Mega,1,fighting,Regulation M-A,
701,mega,Hawlucha-Mega,2,flying,Regulation M-A,
702,"",Dedenne,1,electric,Regulation M-A,
702,"",Dedenne,2,fairy,Regulation M-A,
706,"",Goodra,1,dragon,Regulation M-A,
706,hisui,Goodra-Hisui,1,steel,Regulation M-A,
706,hisui,Goodra-Hisui,2,dragon,Regulation M-A,
707,"",Klefki,1,steel,Regulation M-A,
707,"",Klefki,2,fairy,Regulation M-A,
709,"",Trevenant,1,ghost,Regulation M-A,
709,"",Trevenant,2,grass,Regulation M-A,
711,"",Gourgeist,1,ghost,Regulation M-A,
711,"",Gourgeist,2,grass,Regulation M-A,
711,large,Gourgeist-Large,1,ghost,Regulation M-A,
711,large,Gourgeist-Large,2,grass,Regulation M-A,
711,small,Gourgeist-Small,1,ghost,Regulation M-A,
711,small,Gourgeist-Small,2,grass,Regulation M-A,
711,super,Gourgeist-Super,1,ghost,Regulation M-A,
711,super,Gourgeist-Super,2,grass,Regulation M-A,
713,"",Avalugg,1,ice,Regulation M-A,
713,hisui,Avalugg-Hisui,1,ice,Regulation M-A,
713,hisui,Avalugg-Hisui,2,rock,Regulation M-A,
715,"",Noivern,1,flying,Regulation M-A,
715,"",Noivern,2,dragon,Regulation M-A,
724,"",Decidueye,1,grass,Regulation M-A,
724,"",Decidueye,2,ghost,Regulation M-A,
724,hisui,Decidueye-Hisui,1,grass,Regulation M-A,
724,hisui,Decidueye-Hisui,2,fighting,Regulation M-A,
727,"",Incineroar,1,fire,Regulation M-A,
727,"",Incineroar,2,dark,Regulation M-A,
730,"",Primarina,1,water,Regulation M-A,
730,"",Primarina,2,fairy,Regulation M-A,
733,"",Toucannon,1,normal,Regulation M-A,
733,"",Toucannon,2,flying,Regulation M-A,
740,"",Crabominable,1,fighting,Regulation M-A,
740,"",Crabominable,2,ice,Regulation M-A,
740,mega,Crabominable-Mega,1,fighting,Regulation M-A,
740,mega,Crabominable-Mega,2,ice,Regulation M-A,
745,"",Lycanroc,1,rock,Regulation M-A,
745,dusk,Lycanroc-Dusk,1,rock,Regulation M-A,
745,midnight,Lycanroc-Midnight,1,rock,Regulation M-A,
748,"",Toxapex,1,poison,Regulation M-A,
748,"",Toxapex,2,water,Regulation M-A,
750,"",Mudsdale,1,ground,Regulation M-A,
752,"",Araquanid,1,water,Regulation M-A,
752,"",Araquanid,2,bug,Regulation M-A,
758,"",Salazzle,1,poison,Regulation M-A,
758,"",Salazzle,2,fire,Regulation M-A,
763,"",Tsareena,1,grass,Regulation M-A,
765,"",Oranguru,1,normal,Regulation M-A,
765,"",Oranguru,2,psychic,Regulation M-A,
766,"",Passimian,1,fighting,Regulation M-A,
778,"",Mimikyu,1,ghost,Regulation M-A,
778,"",Mimikyu,2,fairy,Regulation M-A,
778,busted,Mimikyu-Busted,1,ghost,Regulation M-A,
778,busted,Mimikyu-Busted,2,fairy,Regulation M-A,
780,"",Drampa,1,normal,Regulation M-A,
780,"",Drampa,2,dragon,Regulation M-A,
780,mega,Drampa-Mega,1,normal,Regulation M-A,
780,mega,Drampa-Mega,2,dragon,Regulation M-A,
784,"",Kommo-o,1,dragon,Regulation M-A,
784,"",Kommo-o,2,fighting,Regulation M-A,
823,"",Corviknight,1,flying,Regulation M-A,
823,"",Corviknight,2,steel,Regulation M-A,
841,"",Flapple,1,grass,Regulation M-A,
841,"",Flapple,2,dragon,Regulation M-A,
842,"",Appletun,1,grass,Regulation M-A,
842,"",Appletun,2,dragon,Regulation M-A,
844,"",Sandaconda,1,ground,Regulation M-A,
855,"",Polteageist,1,ghost,Regulation M-A,
855,antique,Polteageist-Antique,1,ghost,Regulation M-A,
858,"",Hatterene,1,psychic,Regulation M-A,
858,"",Hatterene,2,fairy,Regulation M-A,
861,"",Grimmsnarl,1,dark,Regulation M-B,
861,"",Grimmsnarl,2,fairy,Regulation M-B,
866,"",Mr. Rime,1,ice,Regulation M-A,
866,"",Mr. Rime,2,psychic,Regulation M-A,
867,"",Runerigus,1,ground,Regulation M-A,
867,"",Runerigus,2,ghost,Regulation M-A,
869,"",Alcremie,1,fairy,Regulation M-A,
869,caramel-swirl,Alcremie-Caramel-Swirl,1,fairy,Regulation M-A,
869,lemon-cream,Alcremie-Lemon-Cream,1,fairy,Regulation M-A,
869,matcha-cream,Alcremie-Matcha-Cream,1,fairy,Regulation M-A,
869,mint-cream,Alcremie-Mint-Cream,1,fairy,Regulation M-A,
869,rainbow-swirl,Alcremie-Rainbow-Swirl,1,fairy,Regulation M-A,
869,ruby-cream,Alcremie-Ruby-Cream,1,fairy,Regulation M-A,
869,ruby-swirl,Alcremie-Ruby-Swirl,1,fairy,Regulation M-A,
870,"",Falinks,1,fighting,Regulation M-B,
870,mega,Falinks-Mega,1,fighting,Regulation M-B,
877,"",Morpeko,1,electric,Regulation M-A,
877,"",Morpeko,2,dark,Regulation M-A,
877,hangry,Morpeko-Hangry,1,electric,Regulation M-A,
877,hangry,Morpeko-Hangry,2,dark,Regulation M-A,
887,"",Dragapult,1,dragon,Regulation M-A,
887,"",Dragapult,2,ghost,Regulation M-A,
899,"",Wyrdeer,1,normal,Regulation M-A,
899,"",Wyrdeer,2,psychic,Regulation M-A,
900,"",Kleavor,1,bug,Regulation M-A,
900,"",Kleavor,2,rock,Regulation M-A,
902,"",Basculegion,1,water,Regulation M-A,
902,"",Basculegion,2,ghost,Regulation M-A,
902,f,Basculegion-F,1,water,Regulation M-A,
902,f,Basculegion-F,2,ghost,Regulation M-A,
903,"",Sneasler,1,fighting,Regulation M-A,
903,"",Sneasler,2,poison,Regulation M-A,
904,"",Overqwil,1,dark,Regulation M-B,
904,"",Overqwil,2,poison,Regulation M-B,
908,"",Meowscarada,1,grass,Regulation M-A,
908,"",Meowscarada,2,dark,Regulation M-A,
911,"",Skeledirge,1,fire,Regulation M-A,
911,"",Skeledirge,2,ghost,Regulation M-A,
914,"",Quaquaval,1,water,Regulation M-A,
914,"",Quaquaval,2,fighting,Regulation M-A,
925,"",Maushold,1,normal,Regulation M-A,
925,four,Maushold-Four,1,normal,Regulation M-A,
934,"",Garganacl,1,rock,Regulation M-A,
936,"",Armarouge,1,fire,Regulation M-A,
936,"",Armarouge,2,psychic,Regulation M-A,
937,"",Ceruledge,1,fire,Regulation M-A,
937,"",Ceruledge,2,ghost,Regulation M-A,
939,"",Bellibolt,1,electric,Regulation M-A,
952,"",Scovillain,1,grass,Regulation M-A,
952,"",Scovillain,2,fire,Regulation M-A,
952,mega,Scovillain-Mega,1,grass,Regulation M-A,
952,mega,Scovillain-Mega,2,fire,Regulation M-A,
956,"",Espathra,1,psychic,Regulation M-A,
959,"",Tinkaton,1,fairy,Regulation M-A,
959,"",Tinkaton,2,steel,Regulation M-A,
964,"",Palafin,1,water,Regulation M-A,
964,hero,Palafin-Hero,1,water,Regulation M-A,
968,"",Orthworm,1,steel,Regulation M-A,
970,"",Glimmora,1,rock,Regulation M-A,
970,"",Glimmora,2,poison,Regulation M-A,
970,mega,Glimmora-Mega,1,rock,Regulation M-A,
970,mega,Glimmora-Mega,2,poison,Regulation M-A,
972,"",Houndstone,1,ghost,Regulation M-B,
979,"",Annihilape,1,fighting,Regulation M-B,
979,"",Annihilape,2,ghost,Regulation M-B,
981,"",Farigiraf,1,normal,Regulation M-A,
981,"",Farigiraf,2,psychic,Regulation M-A,
983,"",Kingambit,1,dark,Regulation M-A,
983,"",Kingambit,2,steel,Regulation M-A,
1000,"",Gholdengo,1,steel,Regulation M-B,
1000,"",Gholdengo,2,ghost,Regulation M-B,
1013,"",Sinistcha,1,grass,Regulation M-A,
1013,"",Sinistcha,2,ghost,Regulation M-A,
1013,masterpiece,Sinistcha-Masterpiece,1,grass,Regulation M-A,
1013,masterpiece,Sinistcha-Masterpiece,2,ghost,Regulation M-A,
1018,"",Archaludon,1,steel,Regulation M-A,
1018,"",Archaludon,2,dragon,Regulation M-A,
1019,"",Hydrapple,1,grass,Regulation M-A,
1019,"",Hydrapple,2,dragon,Regulation M-A,
