national_dex_no,form_slug,pokemon_name,regulation,base_hp,base_attack,base_defense,base_sp_attack,base_sp_defense,base_speed
3,"",Venusaur,Regulation M-A,80,82,83,100,100,80
3,mega,Venusaur-Mega,Regulation M-A,80,100,123,122,120,80
6,"",Charizard,Regulation M-A,78,84,78,109,85,100
6,mega-x,Charizard-Mega-X,Regulation M-A,78,130,111,130,85,100
6,mega-y,Charizard-Mega-Y,Regulation M-A,78,104,78,159,115,100
9,"",Blastoise,Regulation M-A,79,83,100,85,105,78
9,mega,Blastoise-Mega,Regulation M-A,79,103,120,135,115,78
15,"",Beedrill,Regulation M-A,65,90,40,45,80,75
15,mega,Beedrill-Mega,Regulation M-A,65,150,40,15,80,145
18,"",Pidgeot,Regulation M-A,83,80,75,70,70,101
18,mega,Pidgeot-Mega,Regulation M-A,83,80,80,135,80,121
24,"",Arbok,Regulation M-A,60,95,69,65,79,80
25,"",Pikachu,Regulation M-A,35,55,40,50,50,90
26,"",Raichu,Regulation M-A,60,90,55,90,80,110
26,alola,Raichu-Alola,Regulation M-A,60,85,50,95,85,110
26,mega-x,Raichu-Mega-X,Regulation M-B,60,135,95,90,95,110
26,mega-y,Raichu-Mega-Y,Regulation M-B,60,100,55,160,80,130
36,"",Clefable,Regulation M-A,95,70,73,95,90,60
36,mega,Clefable-Mega,Regulation M-A,95,80,93,135,110,70
38,"",Ninetales,Regulation M-A,73,76,75,81,100,100
38,alola,Ninetales-Alola,Regulation M-A,73,67,75,81,100,109
40,"",Wigglytuff,Regulation M-C,140,70,45,85,50,45
45,"",Vileplume,Regulation M-B,75,80,85,110,90,50
53,"",Persian,Regulation M-C,65,70,60,65,65,115
53,alola,Persian-Alola,Regulation M-C,65,60,60,75,65,115
59,"",Arcanine,Regulation M-A,90,110,80,100,80,95
59,hisui,Arcanine-Hisui,Regulation M-A,95,115,80,95,80,90
65,"",Alakazam,Regulation M-A,55,50,45,135,95,120
65,mega,Alakazam-Mega,Regulation M-A,55,50,65,175,105,150
68,"",Machamp,Regulation M-A,90,130,80,65,85,55
71,"",Victreebel,Regulation M-A,80,105,65,100,70,70
71,mega,Victreebel-Mega,Regulation M-A,80,125,85,135,95,70
80,"",Slowbro,Regulation M-A,95,75,110,100,80,30
80,galar,Slowbro-Galar,Regulation M-A,95,100,95,100,70,30
80,mega,Slowbro-Mega,Regulation M-A,95,75,180,130,80,30
83,"",Farfetch’d,Regulation M-C,52,90,55,58,62,60
94,"",Gengar,Regulation M-A,60,65,60,130,75,110
94,mega,Gengar-Mega,Regulation M-A,60,65,80,170,95,130
115,"",Kangaskhan,Regulation M-A,105,95,80,40,80,90
115,mega,Kangaskhan-Mega,Regulation M-A,105,125,100,60,100,100
121,"",Starmie,Regulation M-A,60,75,85,100,85,115
121,mega,Starmie-Mega,Regulation M-A,60,100,105,130,105,120
122,"",Mr. Mime,Regulation M-C,40,45,65,100,120,90
127,"",Pinsir,Regulation M-A,65,125,100,55,70,85
127,mega,Pinsir-Mega,Regulation M-A,65,155,120,65,90,105
128,"",Tauros,Regulation M-A,75,100,95,40,70,110
128,paldea-aqua,Tauros-Paldea-Aqua,Regulation M-A,75,110,105,30,70,100
128,paldea-blaze,Tauros-Paldea-Blaze,Regulation M-A,75,110,105,30,70,100
128,paldea-combat,Tauros-Paldea-Combat,Regulation M-A,75,110,105,30,70,100
130,"",Gyarados,Regulation M-A,95,125,79,60,100,81
130,mega,Gyarados-Mega,Regulation M-A,95,155,109,70,130,81
132,"",Ditto,Regulation M-A,48,48,48,48,48,48
134,"",Vaporeon,Regulation M-A,130,65,60,110,95,65
135,"",Jolteon,Regulation M-A,65,65,60,110,95,130
136,"",Flareon,Regulation M-A,65,130,60,95,110,65
142,"",Aerodactyl,Regulation M-A,80,105,65,60,75,130
142,mega,Aerodactyl-Mega,Regulation M-A,80,135,85,70,95,150
143,"",Snorlax,Regulation M-A,160,110,65,65,110,30
149,"",Dragonite,Regulation M-A,91,134,95,100,100,80
149,mega,Dragonite-Mega,Regulation M-A,91,124,115,145,125,100
154,"",Meganium,Regulation M-A,80,82,100,83,100,80
154,mega,Meganium-Mega,Regulation M-A,80,92,115,143,115,80
157,"",Typhlosion,Regulation M-A,78,84,78,109,85,100
157,hisui,Typhlosion-Hisui,Regulation M-A,73,84,78,119,85,95
160,"",Feraligatr,Regulation M-A,85,105,100,79,83,78
160,mega,Feraligatr-Mega,Regulation M-A,85,160,125,89,93,78
168,"",Ariados,Regulation M-A,70,90,70,60,70,40
181,"",Ampharos,Regulation M-A,90,75,85,115,90,55
181,mega,Ampharos-Mega,Regulation M-A,90,95,105,165,110,45
184,"",Azumarill,Regulation M-A,100,50,80,60,80,50
186,"",Politoed,Regulation M-A,90,75,75,90,100,70
196,"",Espeon,Regulation M-A,65,65,60,130,95,110
197,"",Umbreon,Regulation M-A,95,65,110,60,130,65
199,"",Slowking,Regulation M-A,95,75,80,100,110,30
199,galar,Slowking-Galar,Regulation M-A,95,65,80,110,110,30
205,"",Forretress,Regulation M-A,75,90,140,60,60,40
208,"",Steelix,Regulation M-A,75,85,200,55,65,30
208,mega,Steelix-Mega,Regulation M-A,75,125,230,55,95,30
211,"",Qwilfish,Regulation M-B,65,95,85,55,55,85
212,"",Scizor,Regulation M-A,70,130,100,55,80,65
212,mega,Scizor-Mega,Regulation M-A,70,150,140,65,100,75
214,"",Heracross,Regulation M-A,80,125,75,40,95,85
214,mega,Heracross-Mega,Regulation M-A,80,185,115,40,105,75
227,"",Skarmory,Regulation M-A,65,80,140,40,70,70
227,mega,Skarmory-Mega,Regulation M-A,65,140,110,40,100,110
229,"",Houndoom,Regulation M-A,75,90,50,110,80,95
229,mega,Houndoom-Mega,Regulation M-A,75,90,90,140,90,115
248,"",Tyranitar,Regulation M-A,100,134,110,95,100,61
248,mega,Tyranitar-Mega,Regulation M-A,100,164,150,95,120,71
254,"",Sceptile,Regulation M-B,70,85,65,105,85,120
254,mega,Sceptile-Mega,Regulation M-B,70,110,75,145,85,145
257,"",Blaziken,Regulation M-B,80,120,70,110,70,80
257,mega,Blaziken-Mega,Regulation M-B,80,160,80,130,80,100
260,"",Swampert,Regulation M-B,100,110,90,85,90,60
260,mega,Swampert-Mega,Regulation M-B,100,150,110,95,110,70
279,"",Pelipper,Regulation M-A,60,50,100,95,70,65
282,"",Gardevoir,Regulation M-A,68,65,65,125,115,80
282,mega,Gardevoir-Mega,Regulation M-A,68,85,65,165,135,100
302,"",Sableye,Regulation M-A,50,75,75,65,65,50
302,mega,Sableye-Mega,Regulation M-A,50,85,125,85,115,20
303,"",Mawile,Regulation M-B,50,85,85,55,55,50
303,mega,Mawile-Mega,Regulation M-B,50,105,125,55,95,50
306,"",Aggron,Regulation M-A,70,110,180,60,60,50
306,mega,Aggron-Mega,Regulation M-A,70,140,230,60,80,50
308,"",Medicham,Regulation M-A,60,60,75,60,75,80
308,mega,Medicham-Mega,Regulation M-A,60,100,85,80,85,100
310,"",Manectric,Regulation M-A,70,75,60,105,60,105
310,mega,Manectric-Mega,Regulation M-A,70,75,80,135,80,135
317,"",Swalot,Regulation M-C,100,73,83,73,83,55
319,"",Sharpedo,Regulation M-A,70,120,40,95,40,95
319,mega,Sharpedo-Mega,Regulation M-A,70,140,70,110,65,105
323,"",Camerupt,Regulation M-A,70,100,70,105,75,40
323,mega,Camerupt-Mega,Regulation M-A,70,120,100,145,105,20
324,"",Torkoal,Regulation M-A,70,85,140,85,70,20
334,"",Altaria,Regulation M-A,75,70,90,70,105,80
334,mega,Altaria-Mega,Regulation M-A,75,110,110,110,105,80
350,"",Milotic,Regulation M-A,95,60,79,100,125,81
351,"",Castform,Regulation M-A,70,70,70,70,70,70
351,rainy,Castform-Rainy,Regulation M-A,70,70,70,70,70,70
351,snowy,Castform-Snowy,Regulation M-A,70,70,70,70,70,70
351,sunny,Castform-Sunny,Regulation M-A,70,70,70,70,70,70
354,"",Banette,Regulation M-A,64,115,65,83,63,65
354,mega,Banette-Mega,Regulation M-A,64,165,75,93,83,75
358,"",Chimecho,Regulation M-A,75,50,80,95,90,65
358,mega,Chimecho-Mega,Regulation M-A,75,50,110,135,120,65
359,"",Absol,Regulation M-A,65,130,60,75,60,75
359,mega,Absol-Mega,Regulation M-A,65,150,60,115,60,115
359,mega-z,Absol-Mega-Z,Regulation M-C,65,154,60,75,60,151
362,"",Glalie,Regulation M-A,80,80,80,80,80,80
362,mega,Glalie-Mega,Regulation M-A,80,120,80,120,80,100
373,"",Salamence,Regulation M-C,95,135,80,110,80,100
373,mega,Salamence-Mega,Regulation M-C,95,145,130,120,90,120
376,"",Metagross,Regulation M-B,80,135,130,95,90,70
376,mega,Metagross-Mega,Regulation M-B,80,145,150,105,110,110
389,"",Torterra,Regulation M-A,95,109,105,75,85,56
392,"",Infernape,Regulation M-A,76,104,71,104,71,108
395,"",Empoleon,Regulation M-A,84,86,88,111,101,60
398,"",Staraptor,Regulation M-B,85,120,70,50,60,100
398,mega,Staraptor-Mega,Regulation M-B,85,140,100,60,90,110
405,"",Luxray,Regulation M-A,80,120,79,95,79,70
407,"",Roserade,Regulation M-A,60,70,65,125,105,90
409,"",Rampardos,Regulation M-A,97,165,60,65,50,58
411,"",Bastiodon,Regulation M-A,60,52,168,47,138,30
428,"",Lopunny,Regulation M-A,65,76,84,54,96,105
428,mega,Lopunny-Mega,Regulation M-A,65,136,94,54,96,135
442,"",Spiritomb,Regulation M-A,50,92,108,92,108,35
445,"",Garchomp,Regulation M-A,108,130,95,80,85,102
445,mega,Garchomp-Mega,Regulation M-A,108,170,115,120,95,92
445,mega-z,Garchomp-Mega-Z,Regulation M-C,108,130,85,141,85,151
448,"",Lucario,Regulation M-A,70,110,70,115,70,90
448,mega,Lucario-Mega,Regulation M-A,70,145,88,140,70,112
448,mega-z,Lucario-Mega-Z,Regulation M-C,70,100,70,164,70,151
450,"",Hippowdon,Regulation M-A,108,112,118,68,72,47
454,"",Toxicroak,Regulation M-A,83,106,65,86,65,85
460,"",Abomasnow,Regulation M-A,90,92,75,92,85,60
460,mega,Abomasnow-Mega,Regulation M-A,90,132,105,132,105,30
461,"",Weavile,Regulation M-A,70,120,65,45,85,125
464,"",Rhyperior,Regulation M-A,115,140,130,55,55,40
470,"",Leafeon,Regulation M-A,65,110,130,60,65,95
471,"",Glaceon,Regulation M-A,65,60,110,130,95,65
472,"",Gliscor,Regulation M-A,75,95,125,45,75,95
473,"",Mamoswine,Regulation M-A,110,130,80,70,60,80
475,"",Gallade,Regulation M-A,68,125,65,65,115,80
475,mega,Gallade-Mega,Regulation M-A,68,165,95,65,115,110
478,"",Froslass,Regulation M-A,70,80,70,80,70,110
478,mega,Froslass-Mega,Regulation M-A,70,80,70,140,100,120
479,"",Rotom,Regulation M-A,50,50,77,95,77,91
479,fan,Rotom-Fan,Regulation M-A,50,65,107,105,107,86
479,frost,Rotom-Frost,Regulation M-A,50,65,107,105,107,86
479,heat,Rotom-Heat,Regulation M-A,50,65,107,105,107,86
479,mow,Rotom-Mow,Regulation M-A,50,65,107,105,107,86
479,wash,Rotom-Wash,Regulation M-A,50,65,107,105,107,86
497,"",Serperior,Regulation M-A,75,75,95,75,95,113
500,"",Emboar,Regulation M-A,110,123,65,100,65,65
500,mega,Emboar-Mega,Regulation M-A,110,148,75,110,110,75
503,"",Samurott,Regulation M-A,95,100,85,108,70,70
503,hisui,Samurott-Hisui,Regulation M-A,90,108,80,100,65,85
505,"",Watchog,Regulation M-A,60,85,69,60,69,77
510,"",Liepard,Regulation M-A,64,88,50,88,50,106
512,"",Simisage,Regulation M-A,75,98,63,98,63,101
514,"",Simisear,Regulation M-A,75,98,63,98,63,101
516,"",Simipour,Regulation M-A,75,98,63,98,63,101
518,"",Musharna,Regulation M-B,116,55,85,107,95,29
530,"",Excadrill,Regulation M-A,110,135,60,50,65,88
530,mega,Excadrill-Mega,Regulation M-A,110,165,100,65,65,103
531,"",Audino,Regulation M-A,103,60,86,60,86,50
531,mega,Audino-Mega,Regulation M-A,103,60,126,80,126,50
534,"",Conkeldurr,Regulation M-A,105,140,95,55,65,45
545,"",Scolipede,Regulation M-B,60,100,89,55,69,112
545,mega,Scolipede-Mega,Regulation M-B,60,140,149,75,99,62
547,"",Whimsicott,Regulation M-A,60,67,85,77,75,116
553,"",Krookodile,Regulation M-A,95,117,80,65,70,92
560,"",Scrafty,Regulation M-B,65,90,115,45,115,58
560,mega,Scrafty-Mega,Regulation M-B,65,130,135,55,135,68
563,"",Cofagrigus,Regulation M-A,58,50,145,95,105,30
569,"",Garbodor,Regulation M-A,80,95,82,60,82,75
571,"",Zoroark,Regulation M-A,60,105,60,120,60,105
571,hisui,Zoroark-Hisui,Regulation M-A,55,100,60,125,60,110
579,"",Reuniclus,Regulation M-A,110,65,75,125,85,30
584,"",Vanilluxe,Regulation M-A,71,95,85,110,95,79
587,"",Emolga,Regulation M-A,55,75,60,75,60,103
604,"",Eelektross,Regulation M-B,85,115,80,105,80,50
604,mega,Eelektross-Mega,Regulation M-B,85,145,80,135,90,80
609,"",Chandelure,Regulation M-A,60,55,90,145,90,80
609,mega,Chandelure-Mega,Regulation M-A,60,75,110,175,110,90
614,"",Beartic,Regulation M-A,95,130,80,70,80,50
618,"",Stunfisk,Regulation M-A,109,66,84,81,99,32
618,galar,Stunfisk-Galar,Regulation M-A,109,81,99,66,84,32
623,"",Golurk,Regulation M-A,89,124,80,55,80,55
623,mega,Golurk-Mega,Regulation M-A,89,159,105,70,105,55
635,"",Hydreigon,Regulation M-A,92,105,90,125,90,98
637,"",Volcarona,Regulation M-A,85,60,65,135,105,100
652,"",Chesnaught,Regulation M-A,88,107,122,74,75,64
652,mega,Chesnaught-Mega,Regulation M-A,88,137,172,74,115,44
655,"",Delphox,Regulation M-A,75,69,72,114,100,104
655,mega,Delphox-Mega,Regulation M-A,75,69,72,159,125,134
658,"",Greninja,Regulation M-A,72,95,67,103,71,122
658,mega,Greninja-Mega,Regulation M-A,72,125,77,133,81,142
660,"",Diggersby,Regulation M-A,85,56,77,50,77,78
663,"",Talonflame,Regulation M-A,78,81,71,74,69,126
666,"",Vivillon,Regulation M-A,80,52,50,90,50,89
666,archipelago,Vivillon-Archipelago,Regulation M-A,80,52,50,90,50,89
666,continental,Vivillon-Continental,Regulation M-A,80,52,50,90,50,89
666,elegant,Vivillon-Elegant,Regulation M-A,80,52,50,90,50,89
666,fancy,Vivillon-Fancy,Regulation M-A,80,52,50,90,50,89
666,garden,Vivillon-Garden,Regulation M-A,80,52,50,90,50,89
666,high-plains,Vivillon-High Plains,Regulation M-A,80,52,50,90,50,89
666,icy-snow,Vivillon-Icy Snow,Regulation M-A,80,52,50,90,50,89
666,jungle,Vivillon-Jungle,Regulation M-A,80,52,50,90,50,89
666,marine,Vivillon-Marine,Regulation M-A,80,52,50,90,50,89
666,modern,Vivillon-Modern,Regulation M-A,80,52,50,90,50,89
666,monsoon,Vivillon-Monsoon,Regulation M-A,80,52,50,90,50,89
666,ocean,Vivillon-Ocean,Regulation M-A,80,52,50,90,50,89
666,pokeball,Vivillon-Pokeball,Regulation M-A,80,52,50,90,50,89
666,polar,Vivillon-Polar,Regulation M-A,80,52,50,90,50,89
666,river,Vivillon-River,Regulation M-A,80,52,50,90,50,89
666,sandstorm,Vivillon-Sandstorm,Regulation M-A,80,52,50,90,50,89
666,savanna,Vivillon-Savanna,Regulation M-A,80,52,50,90,50,89
666,sun,Vivillon-Sun,Regulation M-A,80,52,50,90,50,89
666,tundra,Vivillon-Tundra,Regulation M-A,80,52,50,90,50,89
668,"",Pyroar,Regulation M-B,86,68,72,109,66,106
668,mega,Pyroar-Mega,Regulation M-B,86,88,92,129,86,126
670,eternal,Floette-Eternal,Regulation M-A,74,65,67,125,128,92
670,mega,Floette-Mega,Regulation M-A,74,85,87,155,148,102
671,"",Florges,Regulation M-A,78,65,68,112,154,75
673,"",Gogoat,Regulation M-C,123,100,62,97,81,68
675,"",Pangoro,Regulation M-A,95,124,78,69,71,58
676,"",Furfrou,Regulation M-A,75,80,60,65,90,102
678,"",Meowstic,Regulation M-A,74,48,76,83,81,104
678,f,Meowstic-F,Regulation M-A,74,48,76,83,81,104
678,f-mega,Meowstic-F-Mega,Regulation M-A,74,48,76,143,101,124
678,m-mega,Meowstic-M-Mega,Regulation M-A,74,48,76,143,101,124
681,"",Aegislash,Regulation M-A,60,50,140,50,140,60
681,blade,Aegislash-Blade,Regulation M-A,60,140,50,140,50,60
683,"",Aromatisse,Regulation M-A,101,72,72,99,89,29
685,"",Slurpuff,Regulation M-A,82,80,86,85,75,72
687,"",Malamar,Regulation M-B,86,92,88,68,75,73
687,mega,Malamar-Mega,Regulation M-B,86,102,88,98,120,88
689,"",Barbaracle,Regulation M-B,72,105,115,54,86,68
689,mega,Barbaracle-Mega,Regulation M-B,72,140,130,64,106,88
691,"",Dragalge,Regulation M-B,65,75,90,97,123,44
691,mega,Dragalge-Mega,Regulation M-B,65,85,105,132,163,44
693,"",Clawitzer,Regulation M-A,71,73,88,120,89,59
695,"",Heliolisk,Regulation M-A,62,55,52,109,94,109
697,"",Tyrantrum,Regulation M-A,82,121,119,69,59,71
699,"",Aurorus,Regulation M-A,123,77,72,99,92,58
700,"",Sylveon,Regulation M-A,95,65,65,110,130,60
701,"",Hawlucha,Regulation M-A,78,92,75,74,63,118
701,mega,Hawlucha-Mega,Regulation M-A,78,137,100,74,93,118
702,"",Dedenne,Regulation M-A,67,58,57,81,67,101
706,"",Goodra,Regulation M-A,90,100,70,110,150,80
706,hisui,Goodra-Hisui,Regulation M-A,80,100,100,110,150,60
707,"",Klefki,Regulation M-A,57,80,91,80,87,75
709,"",Trevenant,Regulation M-A,85,110,76,65,82,56
711,"",Gourgeist,Regulation M-A,65,90,122,58,75,84
711,large,Gourgeist-Large,Regulation M-A,75,95,122,58,75,69
711,small,Gourgeist-Small,Regulation M-A,55,85,122,58,75,99
711,super,Gourgeist-Super,Regulation M-A,85,100,122,58,75,54
713,"",Avalugg,Regulation M-A,95,117,184,44,46,28
713,hisui,Avalugg-Hisui,Regulation M-A,95,127,184,34,36,38
715,"",Noivern,Regulation M-A,85,70,80,97,80,123
724,"",Decidueye,Regulation M-A,78,107,75,100,100,70
724,hisui,Decidueye-Hisui,Regulation M-A,88,112,80,95,95,60
727,"",Incineroar,Regulation M-A,95,115,90,80,90,60
730,"",Primarina,Regulation M-A,80,74,74,126,116,60
733,"",Toucannon,Regulation M-A,80,120,75,75,75,60
740,"",Crabominable,Regulation M-A,97,132,77,62,67,43
740,mega,Crabominable-Mega,Regulation M-A,97,157,122,62,107,33
745,"",Lycanroc,Regulation M-A,75,115,65,55,65,112
745,dusk,Lycanroc-Dusk,Regulation M-A,75,117,65,55,65,110
745,midnight,Lycanroc-Midnight,Regulation M-A,85,115,75,55,75,82
748,"",Toxapex,Regulation M-A,50,63,152,53,142,35
750,"",Mudsdale,Regulation M-A,100,125,100,55,85,35
752,"",Araquanid,Regulation M-A,68,70,92,50,132,42
758,"",Salazzle,Regulation M-A,68,64,60,111,60,117
763,"",Tsareena,Regulation M-A,72,120,98,50,98,72
765,"",Oranguru,Regulation M-A,90,60,80,90,110,60
766,"",Passimian,Regulation M-A,100,120,90,40,60,80
768,"",Golisopod,Regulation M-C,75,125,140,60,90,40
768,mega,Golisopod-Mega,Regulation M-C,75,150,175,70,120,40
778,"",Mimikyu,Regulation M-A,55,90,80,50,105,96
778,busted,Mimikyu-Busted,Regulation M-A,55,90,80,50,105,96
780,"",Drampa,Regulation M-A,78,60,85,135,91,36
780,mega,Drampa-Mega,Regulation M-A,78,85,110,160,116,36
784,"",Kommo-o,Regulation M-A,75,110,125,100,105,85
812,"",Rillaboom,Regulation M-C,100,125,90,60,70,85
815,"",Cinderace,Regulation M-C,80,116,75,65,75,119
818,"",Inteleon,Regulation M-C,70,85,65,125,65,120
823,"",Corviknight,Regulation M-A,98,87,105,53,85,67
828,"",Thievul,Regulation M-C,70,58,58,87,92,90
841,"",Flapple,Regulation M-A,70,110,80,95,60,70
842,"",Appletun,Regulation M-A,110,85,80,100,80,30
844,"",Sandaconda,Regulation M-A,72,107,125,65,70,71
849,"",Toxtricity,Regulation M-C,75,98,70,114,70,75
849,low-key,Toxtricity-Low-Key,Regulation M-C,75,98,70,114,70,75
853,"",Grapploct,Regulation M-C,80,118,90,70,80,42
855,"",Polteageist,Regulation M-A,60,65,65,134,114,70
855,antique,Polteageist-Antique,Regulation M-A,60,65,65,134,114,70
858,"",Hatterene,Regulation M-A,57,90,95,136,103,29
861,"",Grimmsnarl,Regulation M-B,95,120,65,95,75,60
863,"",Perrserker,Regulation M-C,70,110,100,50,60,50
865,"",Sirfetch’d,Regulation M-C,62,135,95,68,82,65
866,"",Mr. Rime,Regulation M-A,80,85,75,110,100,70
867,"",Runerigus,Regulation M-A,58,95,145,50,105,30
869,"",Alcremie,Regulation M-A,65,60,75,110,121,64
869,caramel-swirl,Alcremie-Caramel-Swirl,Regulation M-A,65,60,75,110,121,64
869,lemon-cream,Alcremie-Lemon-Cream,Regulation M-A,65,60,75,110,121,64
869,matcha-cream,Alcremie-Matcha-Cream,Regulation M-A,65,60,75,110,121,64
869,mint-cream,Alcremie-Mint-Cream,Regulation M-A,65,60,75,110,121,64
869,rainbow-swirl,Alcremie-Rainbow-Swirl,Regulation M-A,65,60,75,110,121,64
869,ruby-cream,Alcremie-Ruby-Cream,Regulation M-A,65,60,75,110,121,64
869,ruby-swirl,Alcremie-Ruby-Swirl,Regulation M-A,65,60,75,110,121,64
870,"",Falinks,Regulation M-B,65,100,100,70,60,75
870,mega,Falinks-Mega,Regulation M-B,65,135,135,70,65,100
871,"",Pincurchin,Regulation M-C,48,101,95,91,85,15
876,"",Indeedee,Regulation M-C,60,65,55,105,95,95
876,f,Indeedee-F,Regulation M-C,70,55,65,95,105,85
877,"",Morpeko,Regulation M-A,58,95,58,70,58,97
877,hangry,Morpeko-Hangry,Regulation M-A,58,95,58,70,58,97
887,"",Dragapult,Regulation M-A,88,120,75,100,75,142
899,"",Wyrdeer,Regulation M-A,103,105,72,105,75,65
900,"",Kleavor,Regulation M-A,70,135,95,45,70,85
902,"",Basculegion,Regulation M-A,120,112,65,80,75,78
902,f,Basculegion-F,Regulation M-A,120,92,65,100,75,78
903,"",Sneasler,Regulation M-A,80,130,60,40,80,120
904,"",Overqwil,Regulation M-B,85,115,95,65,65,85
908,"",Meowscarada,Regulation M-A,76,110,70,81,70,123
911,"",Skeledirge,Regulation M-A,104,75,100,110,75,66
914,"",Quaquaval,Regulation M-A,85,120,80,85,75,85
923,"",Pawmot,Regulation M-C,70,115,70,70,60,105
925,"",Maushold,Regulation M-A,74,75,70,65,75,111
925,four,Maushold-Four,Regulation M-A,74,75,70,65,75,111
930,"",Arboliva,Regulation M-C,78,69,90,125,109,39
931,"",Squawkabilly,Regulation M-C,82,96,51,45,51,92
931,blue,Squawkabilly-Blue,Regulation M-C,82,96,51,45,51,92
931,white,Squawkabilly-White,Regulation M-C,82,96,51,45,51,92
931,yellow,Squawkabilly-Yellow,Regulation M-C,82,96,51,45,51,92
934,"",Garganacl,Regulation M-A,100,100,130,45,90,35
936,"",Armarouge,Regulation M-A,85,60,100,125,80,75
937,"",Ceruledge,Regulation M-A,75,125,80,60,100,85
939,"",Bellibolt,Regulation M-A,109,64,91,103,83,45
943,"",Mabosstiff,Regulation M-C,80,120,90,60,70,85
952,"",Scovillain,Regulation M-A,65,108,65,108,65,75
952,mega,Scovillain-Mega,Regulation M-A,65,138,85,138,85,75
956,"",Espathra,Regulation M-A,95,60,60,101,60,105
959,"",Tinkaton,Regulation M-A,85,75,77,70,105,94
964,"",Palafin,Regulation M-A,100,70,72,53,62,100
964,hero,Palafin-Hero,Regulation M-A,100,160,97,106,87,100
968,"",Orthworm,Regulation M-A,70,85,145,60,55,65
970,"",Glimmora,Regulation M-A,83,55,90,130,81,86
970,mega,Glimmora-Mega,Regulation M-A,83,90,105,150,96,101
972,"",Houndstone,Regulation M-B,72,101,100,50,97,68
979,"",Annihilape,Regulation M-B,110,115,80,50,90,90
981,"",Farigiraf,Regulation M-A,120,90,70,110,70,60
983,"",Kingambit,Regulation M-A,100,135,120,60,85,50
998,"",Baxcalibur,Regulation M-C,115,145,92,75,86,87
998,mega,Baxcalibur-Mega,Regulation M-C,115,175,117,105,101,87
1000,"",Gholdengo,Regulation M-B,87,60,95,133,91,84
1013,"",Sinistcha,Regulation M-A,71,60,106,121,80,70
1013,masterpiece,Sinistcha-Masterpiece,Regulation M-A,71,60,106,121,80,70
1018,"",Archaludon,Regulation M-A,90,105,130,125,65,85
1019,"",Hydrapple,Regulation M-A,106,80,110,120,80,44
