national_dex_no,form_slug,pokemon_name,base_national_dex_no,base_form_slug,variant_kind,required_item
3,mega,Venusaur-Mega,3,"",mega,Venusaurite
6,mega-x,Charizard-Mega-X,6,"",mega,Charizardite X
6,mega-y,Charizard-Mega-Y,6,"",mega,Charizardite Y
9,mega,Blastoise-Mega,9,"",mega,Blastoisinite
15,mega,Beedrill-Mega,15,"",mega,Beedrillite
18,mega,Pidgeot-Mega,18,"",mega,Pidgeotite
26,alola,Raichu-Alola,26,"",regional,
26,mega-x,Raichu-Mega-X,26,"",mega,Raichunite X
26,mega-y,Raichu-Mega-Y,26,"",mega,Raichunite Y
36,mega,Clefable-Mega,36,"",mega,Clefablite
38,alola,Ninetales-Alola,38,"",regional,
53,alola,Persian-Alola,53,"",regional,
59,hisui,Arcanine-Hisui,59,"",regional,
65,mega,Alakazam-Mega,65,"",mega,Alakazite
71,mega,Victreebel-Mega,71,"",mega,Victreebelite
80,galar,Slowbro-Galar,80,"",regional,
80,mega,Slowbro-Mega,80,"",mega,Slowbronite
94,mega,Gengar-Mega,94,"",mega,Gengarite
115,mega,Kangaskhan-Mega,115,"",mega,Kangaskhanite
121,mega,Starmie-Mega,121,"",mega,Starminite
127,mega,Pinsir-Mega,127,"",mega,Pinsirite
128,paldea-aqua,Tauros-Paldea-Aqua,128,"",regional,
128,paldea-blaze,Tauros-Paldea-Blaze,128,"",regional,
128,paldea-combat,Tauros-Paldea-Combat,128,"",regional,
130,mega,Gyarados-Mega,130,"",mega,Gyaradosite
142,mega,Aerodactyl-Mega,142,"",mega,Aerodactylite
149,mega,Dragonite-Mega,149,"",mega,Dragoninite
154,mega,Meganium-Mega,154,"",mega,Meganiumite
157,hisui,Typhlosion-Hisui,157,"",regional,
160,mega,Feraligatr-Mega,160,"",mega,Feraligite
181,mega,Ampharos-Mega,181,"",mega,Ampharosite
199,galar,Slowking-Galar,199,"",regional,
208,mega,Steelix-Mega,208,"",mega,Steelixite
212,mega,Scizor-Mega,212,"",mega,Scizorite
214,mega,Heracross-Mega,214,"",mega,Heracronite
227,mega,Skarmory-Mega,227,"",mega,Skarmorite
229,mega,Houndoom-Mega,229,"",mega,Houndoominite
248,mega,Tyranitar-Mega,248,"",mega,Tyranitarite
254,mega,Sceptile-Mega,254,"",mega,Sceptilite
257,mega,Blaziken-Mega,257,"",mega,Blazikenite
260,mega,Swampert-Mega,260,"",mega,Swampertite
282,mega,Gardevoir-Mega,282,"",mega,Gardevoirite
302,mega,Sableye-Mega,302,"",mega,Sablenite
303,mega,Mawile-Mega,303,"",mega,Mawilite
306,mega,Aggron-Mega,306,"",mega,Aggronite
308,mega,Medicham-Mega,308,"",mega,Medichamite
310,mega,Manectric-Mega,310,"",mega,Manectite
319,mega,Sharpedo-Mega,319,"",mega,Sharpedonite
323,mega,Camerupt-Mega,323,"",mega,Cameruptite
334,mega,Altaria-Mega,334,"",mega,Altarianite
351,rainy,Castform-Rainy,351,"",form,
351,snowy,Castform-Snowy,351,"",form,
351,sunny,Castform-Sunny,351,"",form,
354,mega,Banette-Mega,354,"",mega,Banettite
358,mega,Chimecho-Mega,358,"",mega,Chimechite
359,mega,Absol-Mega,359,"",mega,Absolite
359,mega-z,Absol-Mega-Z,359,"",mega,Absolite Z
362,mega,Glalie-Mega,362,"",mega,Glalitite
373,mega,Salamence-Mega,373,"",mega,Salamencite
376,mega,Metagross-Mega,376,"",mega,Metagrossite
398,mega,Staraptor-Mega,398,"",mega,Staraptite
428,mega,Lopunny-Mega,428,"",mega,Lopunnite
445,mega,Garchomp-Mega,445,"",mega,Garchompite
445,mega-z,Garchomp-Mega-Z,445,"",mega,Garchompite Z
448,mega,Lucario-Mega,448,"",mega,Lucarionite
448,mega-z,Lucario-Mega-Z,448,"",mega,Lucarionite Z
460,mega,Abomasnow-Mega,460,"",mega,Abomasite
475,mega,Gallade-Mega,475,"",mega,Galladite
478,mega,Froslass-Mega,478,"",mega,Froslassite
479,fan,Rotom-Fan,479,"",form,
479,frost,Rotom-Frost,479,"",form,
479,heat,Rotom-Heat,479,"",form,
479,mow,Rotom-Mow,479,"",form,
479,wash,Rotom-Wash,479,"",form,
500,mega,Emboar-Mega,500,"",mega,Emboarite
503,hisui,Samurott-Hisui,503,"",regional,
530,mega,Excadrill-Mega,530,"",mega,Excadrite
531,mega,Audino-Mega,531,"",mega,Audinite
545,mega,Scolipede-Mega,545,"",mega,Scolipite
560,mega,Scrafty-Mega,560,"",mega,Scraftinite
571,hisui,Zoroark-Hisui,571,"",regional,
604,mega,Eelektross-Mega,604,"",mega,Eelektrossite
609,mega,Chandelure-Mega,609,"",mega,Chandelurite
618,galar,Stunfisk-Galar,618,"",regional,
623,mega,Golurk-Mega,623,"",mega,Golurkite
652,mega,Chesnaught-Mega,652,"",mega,Chesnaughtite
655,mega,Delphox-Mega,655,"",mega,Delphoxite
658,mega,Greninja-Mega,658,"",mega,Greninjite
666,archipelago,Vivillon-Archipelago,666,"",form,
666,continental,Vivillon-Continental,666,"",form,
666,elegant,Vivillon-Elegant,666,"",form,
666,fancy,Vivillon-Fancy,666,"",form,
666,garden,Vivillon-Garden,666,"",form,
666,high-plains,Vivillon-High Plains,666,"",form,
666,icy-snow,Vivillon-Icy Snow,666,"",form,
666,jungle,Vivillon-Jungle,666,"",form,
666,marine,Vivillon-Marine,666,"",form,
666,modern,Vivillon-Modern,666,"",form,
666,monsoon,Vivillon-Monsoon,666,"",form,
666,ocean,Vivillon-Ocean,666,"",form,
666,pokeball,Vivillon-Pokeball,666,"",form,
666,polar,Vivillon-Polar,666,"",form,
666,river,Vivillon-River,666,"",form,
666,sandstorm,Vivillon-Sandstorm,666,"",form,
666,savanna,Vivillon-Savanna,666,"",form,
666,sun,Vivillon-Sun,666,"",form,
666,tundra,Vivillon-Tundra,666,"",form,
668,mega,Pyroar-Mega,668,"",mega,Pyroarite
670,eternal,Floette-Eternal,670,"",form,
670,mega,Floette-Mega,670,"",mega,Floettite
678,f,Meowstic-F,678,"",form,
678,f-mega,Meowstic-F-Mega,678,"",mega,Meowsticite
678,m-mega,Meowstic-M-Mega,678,"",mega,Meowsticite
681,blade,Aegislash-Blade,681,"",form,
687,mega,Malamar-Mega,687,"",mega,Malamarite
689,mega,Barbaracle-Mega,689,"",mega,Barbaracite
691,mega,Dragalge-Mega,691,"",mega,Dragalgite
701,mega,Hawlucha-Mega,701,"",mega,Hawluchanite
706,hisui,Goodra-Hisui,706,"",regional,
711,large,Gourgeist-Large,711,"",form,
711,small,Gourgeist-Small,711,"",form,
711,super,Gourgeist-Super,711,"",form,
713,hisui,Avalugg-Hisui,713,"",regional,
724,hisui,Decidueye-Hisui,724,"",regional,
740,mega,Crabominable-Mega,740,"",mega,Crabominite
745,dusk,Lycanroc-Dusk,745,"",form,
745,midnight,Lycanroc-Midnight,745,"",form,
768,mega,Golisopod-Mega,768,"",mega,Golisopite
778,busted,Mimikyu-Busted,778,"",form,
780,mega,Drampa-Mega,780,"",mega,Drampanite
849,low-key,Toxtricity-Low-Key,849,"",form,
855,antique,Polteageist-Antique,855,"",form,
869,caramel-swirl,Alcremie-Caramel-Swirl,869,"",form,
869,lemon-cream,Alcremie-Lemon-Cream,869,"",form,
869,matcha-cream,Alcremie-Matcha-Cream,869,"",form,
869,mint-cream,Alcremie-Mint-Cream,869,"",form,
869,rainbow-swirl,Alcremie-Rainbow-Swirl,869,"",form,
869,ruby-cream,Alcremie-Ruby-Cream,869,"",form,
869,ruby-swirl,Alcremie-Ruby-Swirl,869,"",form,
870,mega,Falinks-Mega,870,"",mega,Falinksite
876,f,Indeedee-F,876,"",form,
877,hangry,Morpeko-Hangry,877,"",form,
902,f,Basculegion-F,902,"",form,
925,four,Maushold-Four,925,"",form,
931,blue,Squawkabilly-Blue,931,"",form,
931,white,Squawkabilly-White,931,"",form,
931,yellow,Squawkabilly-Yellow,931,"",form,
952,mega,Scovillain-Mega,952,"",mega,Scovillainite
964,hero,Palafin-Hero,964,"",form,
970,mega,Glimmora-Mega,970,"",mega,Glimmoranite
998,mega,Baxcalibur-Mega,998,"",mega,Baxcalibrite
1013,masterpiece,Sinistcha-Masterpiece,1013,"",form,
